Workbook

Sheet OTR
C1: APR | D1: MEI | E1: NEW
A2: TYPE | C2: Jember | D2: Jember | E2: Jember
A3: NF11T14C01 M/T | B3: Revo Fit | C3: 16709000 | D3: 16709000 | E3: =Sheet3!I3 -> 19475000
A4: NF11T14C03 M/T | B4: Revo X | C4: 18415000 | D4: 18415000 | E4: =Sheet3!I4 -> 21175000
A5: G2A02N02S3 M/T | B5: Supra X 125 Sp | C5: 19935000 | D5: 19935000 | E5: =Sheet3!I5 -> 22725000
A6: G2A02Q02S3 M/T | B6: Supra X 125 CW | C6: 21024000 | D6: 21024000 | E6: =Sheet3!I6 -> 23800000
A7: G2E02R21M1 M/T | B7: GTR 150 Sporty | C7: 26211000 | D7: 26211000 | E7: =Sheet3!I7 -> 28975000
A8: G2E02R21M1A M/T | B8: GTR 150 Exc | C8: 26463000 | D8: 26463000 | E8: =Sheet3!I8 -> 29225000
A9: D1B02N26S3 A/T | B9: BeAT Sporty CW | C9: 18348000 | D9: 18348000
A10: D1B02N12S3 A/T | B10: BeAT Sporty CBS | C10: 18558000 | D10: 18558000
A11: D1B02N13S3 A/T | B11: BeAT Sporty CBS ISS | C11: 19033000 | D11: 19033000
A12: D1I02N27S4 A/T | B12: BeAT Street | C12: 19022000 | D12: 19022000
A13: F1C02N28S2A A/T | B13: Scoopy Stylish | C13: 21208000 | D13: 21208000
A14: F1C02N28S2B A/T | B14: Scoopy Sporty | C14: 21208000 | D14: 21208000
A15: A1F02N36S2 A/T | B15: Vario 125 CBS | C15: 22960000 | D15: 23311000
A16: A1F02N37S2 A/T | B16: Vario 125 CBS ISS | C16: 23895000 | D16: 24247000
A17: V1J02Q32S2 A/T | B17: PCX 150 CBS | C17: 31022000 | D17: 31022000
A18: V1J02Q33S2 A/T | B18: PCX 150 ABS | C18: 33992000 | D18: 33992000
A19: NSS250AJJ IN A/T | B19: Forza | C19: 86436500 | D19: 86436500 | E19: =Sheet3!I84 -> 94325000
A20: B5D02K29M3 M/T | B20: CB 150 Verza Sp | C20: 22277000 | D20: 22277000 | E20: =Sheet3!I49 -> 26050000
A21: B5D02M29M3 M/T | B21: CB 150 Verza CW | C21: 22933000 | D21: 22933000 | E21: =Sheet3!I50 -> 26750000
A22: A5C02R37S1 M/T | B22: CB150R (BK) | C22: 29068000 | D22: 29068000
A23: A5C02R37S1A M/T | B23: CB150R (BK WH) | C23: 30168000 | D23: 30168000
A24: P5E02R22M2 M/T | B24: CBR150R Std (BK) | C24: 36814000 | D24: 36814000
A25: P5E02R22M2A M/T | B25: CBR150R Std (RD) | C25: 37514000 | D25: 37514000
A26: P5E02R40M2 M/T | B26: CBR150R ABS (BK) | C26: 40814000 | D26: 40814000
A27: P5E02R40M2A M/T | B27: CBR150R ABS (RD) | C27: 41514000 | D27: 41514000
A28: P5E02R40M2B M/T | B28: CBR150R ABS (Repsol) | C28: 41714000 | D28: 41714000
A29: T4G02T31S1 M/T | B29: CRF150L | C29: 36201000 | D29: 36251000 | E29: =Sheet3!I58 -> 38675000
A30: R5F04R25S1A M/T / R5F04R25L1A M/T | B30: CBR250RR Std (BK) Black Freedom | C30: 62358000 | D30: 62358000 | E30: =Sheet3!I71 -> 79575000
A31: R5F04R25S1 M/T / R5F04R25S1B M/T / R5F04R25L1 M/T | B31: CBR250RR Std (BK) | C31: 67183000 | D31: 67183000 | E31: =Sheet3!I70 -> 74725000
A32: R5F04R25S1C M/T | B32: CBR250RR Std (RD RC) | C32: 67783000 | D32: 67783000
A33: R5F04R24S1 M/T / R5F04R24S1A M/T / R5F04R24L1 M/T | B33: CBR250RR ABS (BK MH) | C33: 74249000 | D33: 74249000 | E33: 74735000
A34: R5F04R24S1B M/T / R5F04R24L1A M/T | B34: CBR250RR ABS (BL) | C34: 74854000 | D34: 74854000 | E34: =Sheet3!I72 -> 87825000
A35: CRF250RLJ IN M/T | B35: CRF250 Rally | C35: 89535000 | D35: 89535000 | E35: =Sheet3!I80 -> 96250000
A36: C125K IN M/T | B36: Super Cub 125 | C36: 74501000 | D36: 74501000 | E36: =Sheet3!I82 -> 79575000
A37: C1M02N41L0 A/T | B37: Genio CBS BK | C37: 20465000 | D37: 20815000 | E37: =Sheet3!I13 -> 22300000
B38: Genio CBS PH/PD | E38: =Sheet3!I14 -> 22500000
A39: C1M02N42L0 A/T | B39: Genio CBS ISS | C39: 21014000 | D39: 21364000 | E39: =Sheet3!I15 -> 22850000
A40: X1N02Q43LO A/T | B40: ADV150 CBS | C40: 36155500 | D40: 36155500
A41: X1N02Q44LO A/T | B41: ADV150 ABS | C41: 39445000 | D41: 39445000
A42: H1B02N41L0 A/T | B42: BeAT Sporty CBS | C42: 18916000 | D42: 19267000
A43: H1B02N42L0 A/T | B43: BeAT Sporty CBS ISS | C43: 19612000 | D43: 19962000
A44: H1B02N42L0A A/T | B44: BeAT Sporty DX CBS ISS | C44: 19712000 | D44: 20063000
A45: H1B02N43L0 A/T | B45: BeAT Street | C45: 19572000 | D45: 19923000
A46: F1C02N46L0 A/T | B46: New Scoopy Sporty | C46: 22234000 | D46: 22584000 | E46: =Sheet3!I16 -> 24825000
A47: F1C02N46L0A A/T | B47: New Scoopy Fashion | C47: 22234000 | D47: 22584000 | E47: =Sheet3!I17 -> 24825000
A48: F1C02N47L0 A/T | B48: New Scoopy Prestige | C48: 23041000 | D48: 23392000 | E48: =Sheet3!I18 -> 25675000
A49: F1C02N47L0A A/T | B49: New Scoopy Stylish | C49: 23041000 | D49: 23392000 | E49: =Sheet3!I19 -> 25675000
A50: Monkey 125 | B50: New Z125 MONKEY | C50: 78271000 | D50: 78271000 | E50: =Sheet3!I78 -> 87425000
A51: X1H02N35S3 A/T | B51: New Vario 150 | C51: 26109000 | D51: 26109000
A52: X1H02N35S3A A/T | B52: New Vario 150 (BK) | C52: 26260000 | D52: 26260000
A53: X1H02N35S3B A/T | B53: New Vario 150 Sporty | C53: 26260000 | D53: 26260000
A54: R5F04R44L1 M/T / R5F04R44L2A M/T | B54: CBR250RR ABS+QS (AR) | C54: 78541000 | D54: 78541000 | E54: =Sheet3!I73 -> 91725000
A55: R5F04R44L1A M/T | B55: CBR250RR ABS+QS (MP) | C55: 78945000 | D55: 78945000 | E55: =Sheet3!I74 -> 92325000
A56: R5F04R44L1B M/T | B56: CBR250RR ABS+QS (RD) | C56: 77935000 | D56: 77935000 | E56: =Sheet3!I75 -> 92325000
A57: P5E02R48L0 M/T | B57: CBR150R Std (HS) | C57: 38120000 | D57: 38120000
A58: P5E02R48L0C M/T | B58: CBR150R Std (HM Matte) | C58: 38120000 | D58: 38120000
A59: P5E02R48L0B M/T | B59: CBR150R Std (MH) | C59: 38120000 | D59: 38120000 | E59: =Sheet3!I55 -> 40425000
A60: P5E02R48L0A M/T | B60: CBR150R Std (MP / RD) | C60: 38827000 | D60: 38827000
A61: P5E02R49L0D M/T | B61: CBR150R ABS (HM) | C61: 42184000 | D61: 42184000
A62: P5E02R49L0 M/T | B62: CBR150R ABS (HM / BK Matte) | C62: 42185000 | D62: 42185000 | E62: =Sheet3!I56 -> 44475000
A63: P5E02R49L0C M/T / P5E02R49L0B M/T | B63: CBR150R ABS (MP) | C63: 42891000 | D63: 42891000
B64: CBR150R ABS (RD)
A65: P5E02R49L0A M/T | B65: CBR150R ABS (OP) | C65: 43093000 | D65: 43093000
A66: Y3B02R17S4 M/T | B66: Sonic Std | C66: 25230000 | D66: 25280000 | E66: =Sheet3!I44 -> 29425000
A67: Y3B02R17S4A M/T | B67: Sonic Racing (RD) | C67: 25633000 | D67: 25683000 | E67: =Sheet3!I45 -> 29825000
A68: Y3B02R17S4B M/T | B68: Sonic Matte (BK) | C68: 25633000 | D68: 25683000 | E68: =Sheet3!I46 -> 29825000
A69: L1K02Q34L0 A/T | B69: PCX Hybrid | C69: 44449000 | D69: 44449000
A70: V1J02Q32L1 A/T | B70: PCX CBS 160 | C70: 32517000 | D70: 32867000 | E70: =Sheet3!I33 -> 35125000
A71: V1J02Q50L1 A/T | B71: PCX ABS 160 | C71: 36027000 | D71: 36378000 | E71: =Sheet3!I34 -> 38725000
A72: L1K02Q51L0 A/T | B72: PCX HYBRID 160 | C72: 45616000 | D72: 45966000 | E72: 46509000
A73: A1F02N37S4A A/T | B73: Vario 125 CBS ISS (BL) | C73: 24047000 | D73: 24398000
A74: A5C02R37L1A M/T | B74: New CB150R SE | C74: 31941000 | D74: 31941000 | E74: =Sheet3!I52 -> 36750000
A75: A5C02R52L1 M/T | B75: New CB150R STD | C75: 30932000 | D75: 30932000 | E75: =Sheet3!I51 -> 35750000
B76: CT125 | C76: 77892000 | D76: 77892000 | E76: =Sheet3!I81 -> 82475000
A77: T5C02R37L0A M/T | B77: CB150X SE | C77: 34296000 | D77: 34446000 | E77: =Sheet3!I48 -> 36375000
A78: T5C02R37L0 M/T | B78: CB150X STD | C78: 33791000 | D78: 33941000 | E78: =Sheet3!I47 -> 35875000
B79: Vario160 CBS | C79: 27566000 | D79: 27916000 | E79: =Sheet3!I30 -> 29500000
B80: Vario 160 CBS SP | E80: =Sheet3!I31 -> 29750000
B81: Vario160 ABS | C81: 30585000 | D81: 30935000 | E81: =Sheet3!I32 -> 32500000
B82: CB150X SE (bundl. SHAD) | E82: 39357000
B83: CB150X STD (bundl. SHAD) | E83: 38857000
B84: ADV160 CBS | E84: =Sheet3!I41 -> 38475000
B85: ADV160 ABS | E85: =Sheet3!I42 -> 41675000
B86: ADV160 ROADSYNC | E86: =Sheet3!I43 -> 43325000
B87: New Vario125 CBS | E87: =Sheet3!I21 -> 25725000
B88: New Vario125 CBS ISS | E88: =Sheet3!I22 -> 27675000
B89: BeAT Sporty CBS.
B90: BeAT Sporty CBS ISS
B91: BeAT Sporty DX CBS ISS.
B92: BeAT Street.
B93: CRF250L | E93: =Sheet3!I79 -> 86575000
B94: EM1 e: | E94: =Sheet3!I66 -> 40450000
B95: EM1 e: + Charge | E95: =Sheet3!I67 -> 46450000
B96: EM1 e: PLUS | E96: =Sheet3!I68 -> 40950000
B97: EM1 e: PLUS + Charge | E97: =Sheet3!I69 -> 46950000
B98: Stylo 160 CBS | E98: =Sheet3!I27 -> 31100000
B99: Stylo 160 ABS | E99: =Sheet3!I28 -> 34100000
B100: Stylo 160 ABS SPECIAL COLOR | E100: =Sheet3!I29 -> 35700000
...

Sheet Sheet3
C1: 46114
C2: Type | E2: Kode MPM | G2: Bondowoso | H2: Situbondo | I2: Jember | J2: Banyuwangi
B3: 1 | C3: R2B02K01L2Z M/T | D3: REVO FIT | E3: GBZ | G3: 19425000 | H3: 19325000 | I3: 19475000 | J3: 19375000
B4: 2 | C4: R2B02M01L2Z M/T | D4: REVO X | E4: GDZ | G4: 21125000 | H4: 21025000 | I4: 21175000 | J4: 21075000
B5: 3 | C5: G2A02N02L4Z M/T | D5: SUPRA X 125 SW | E5: GEZ | G5: 22675000 | H5: 22575000 | I5: 22725000 | J5: 22625000
B6: 4 | C6: G2A02Q02L4Y M/T | D6: SUPRA X 125 CW | E6: GFY | G6: 23750000 | H6: 23650000 | I6: 23800000 | J6: 23750000
B7: 5 | C7: G2E02R21M1E M/T | D7: NEW SUPRA GTR150 SPORTY | E7: HJE | G7: 28875000 | H7: 28625000 | I7: 28975000 | J7: 28875000
B8: 6 | C8: G2E02R21M1AF M/T | D8: NEW SUPRA GTR150 XCLUSIVE | E8: HJF | G8: 29125000 | H8: 28875000 | I8: 29225000 | J8: 29125000
B9: 7 | C9: H1B02N41L1Y A/T | D9: BEAT SPORTY CBS | E9: MJW | G9: 21150000 | H9: 21050000 | I9: 21250000 | J9: 21150000
B10: 8 | C10: H1B02N42L1Y A/T | D10: BEAT SPORTY CBS ISS DELUXE | E10: MKW | G10: 22050000 | H10: 21950000 | I10: 22150000 | J10: 22050000
B11: 9 | C11: H1B0ZN42L1AY A/T | D11: BEAT SPORTY DLX SMART KEY | E11: MLW | G11: 22600000 | H11: 22500000 | I11: 22700000 | J11: 22600000
B12: 10 | C12: H1B02N53L1X A/T | D12: BEAT STREET | E12: MMW | G12: 22050000 | H12: 21950000 | I12: 22150000 | J12: 22050000
B13: 11 | C13: C1M02N41S2Z A/T | D13: GENIO CBS (BK) | E13: LYW | G13: 22200000 | H13: 22000000 | I13: 22300000 | J13: 22200000
B14: 12 | C14: C1M02N41S2Y A/T | D14: GENIO CBS (PH/PD) | E14: LYX | G14: 22400000 | H14: 22200000 | I14: 22500000 | J14: 22400000
... B19: 17 | C19: F1C02N47L2AX A/T | D19: SCOOPY STYLISH | E19: MSV | G19: 25625000 | H19: 25525000 | I19: 25675000 | J19: 25625000
B20: 18 | C20: F1C02N47L2AX A/T | D20: SCOOPY X KUROMI | E20: MSK
B21: 19 | C21: L1F02N36S4Z A/T | D21: VARIO 125 CBS | E21: MCY | G21: 25625000 | H21: 25575000 | I21: 25725000 | J21: 25625000
B22: 20 | C22: L1F02N37S4Z A/T | D22: VARIO 125 CBS ISS | E22: MDY | G22: 27625000 | H22: 27525000 | I22: 27675000 | J22: 27575000
B23: 21 | C23: L1F02N36L2Z A/T | D23: New VARIO 125 CBS | E23: NDZ | G23: 25900000 | H23: 25850000 | I23: 26000000 | J23: 25900000
B24: 22 | C24: L1F02N37L2Z A/T | D24: New VARIO 125 CBS ISS | E24: NEZ | G24: 27925000 | H24: 27825000 | I24: 27975000 | J24: 27875000
B25: 23 | C25: L1F02N53L2Z A/T | D25: New VARIO 125 Street | E25: NFZ | G25: 28450000 | H25: 28350000 | I25: 28500000 | J25: 28400000
B26: 24 | C26: L1F02N53L2Z A/T | D26: New VARIO 125 Street + Visor | E26: NFZ | G26: 28575000 | H26: 28475000 | I26: 28625000 | J26: 28525000
B27: 25 | C27: M1K03M32L0Z A/T | D27: STYLO 160 CBS | E27: MFX | G27: 31000000 | H27: 30950000 | I27: 31100000 | J27: 31000000
B28: 26 | C28: M1K03Q33L0Z A/T | D28: STYLO 160 ABS | E28: MGX | G28: 34050000 | H28: 33950000 | I28: 34100000 | J28: 34050000
B29: 27 | C29: M1K03Q33L0Z A/T | D29: STYLO 160 ABS SPECIAL COLOR | E29: MGW | G29: 35650000 | H29: 35550000 | I29: 35700000 | J29: 35650000
B30: 28 | C30: X1H02N32S1R A/T | D30: VARIO 160 CBS (BK/RD/BL) | E30: LVV | G30: 29400000 | H30: 29350000 | I30: 29500000 | J30: 29450000
B31: 29 | C31: X1H02N32S1AS A/T | D31: VARIO 160 CBS (BK/WH) | E31: LVW | G31: 29650000 | H31: 29600000 | I31: 29750000 | J31: 29700000
B32: 30 | C32: L1K02Q33S1Q A/T | D32: VARIO 160 ABS | E32: LWR | G32: 32400000 | H32: 32350000 | I32: 32500000 | J32: 32450000
... B76: 74 | C76: ST125ASY IN M/T | D76: ST125 DAX | E76: JZY | G76: 82975000 | H76: 82975000 | I76: 82975000 | J76: 82975000
B77: 75 | C77: Z125MANZ 2IN M/T | D77: Z125 MONKEY
B78: 76 | C78: Z125MAS IN M/T | D78: New Z125 MONKEY | E78: JYY | G78: 87425000 | H78: 87425000 | I78: 87425000 | J78: 87425000
B79: 77 | C79: CRF250LPZ IN M/T | D79: CRF250L | E79: JTX | G79: 86575000 | H79: 86575000 | I79: 86575000 | J79: 86575000
B80: 78 | C80: CRF250LRPY IN M/T | D80: CRF250RALLY | E80: JTW | G80: 96250000 | H80: 96250000 | I80: 96250000 | J80: 96250000
B81: 79 | C81: CT125APZ IN M/T | D81: CT125 | E81: AZZ | G81: 82475000 | H81: 82475000 | I81: 82475000 | J81: 82475000
B82: 80 | C82: C125SW IN M/T | D82: Super CUB | E82: AMW | G82: 79575000 | H82: 79575000 | I82: 79575000 | J82: 79575000
B83: 81 | C83: C125SX 2IN M/T | D83: Super CUB 2 IN 1 | E83: AMX | G83: 79575000 | H83: 79575000 | I83: 79575000 | J83: 79575000
B84: 82 | C84: NSS250APZ IN A/T | D84: FORZA | E84: FBY | G84: 94325000 | H84: 94325000 | I84: 94325000 | J84: 94325000

Sheet  REVO X
A1: REVO X LP | B1: DP | C1: % DP | D1: JANGKA WAKTU
D2: 12 | E2: 18 | F2: 24 | G2: 30 | H2: 36
A3: =OTR!E4 -> 21175000 | B3: 2200000 | C3: =B3/$A$3 -> 0.1038961 | D3: 2157000 | E3: 1547000 | F3: 1256000 | G3: 1071000 | H3: 976000
B4: 2300000 | C4: =B4/$A$3 -> 0.10861865 | D4: 2147000 | E4: 1540000 | F4: 1250000 | G4: 1066000 | H4: 971000
B5: 2400000 | C5: =B5/$A$3 -> 0.1133412 | D5: 2137000 | E5: 1533000 | F5: 1244000 | G5: 1061000 | H5: 966000
B6: 2500000 | C6: =B6/$A$3 -> 0.11806375 | D6: 2127000 | E6: 1526000 | F6: 1238000 | G6: 1056000 | H6: 961000
B7: 2600000 | C7: =B7/$A$3 -> 0.1227863 | D7: 2117000 | E7: 1519000 | F7: 1232000 | G7: 1051000 | H7: 956000
B8: 2700000 | C8: =B8/$A$3 -> 0.12750885 | D8: 2107000 | E8: 1512000 | F8: 1226000 | G8: 1046000 | H8: 951000
B9: 2800000 | C9: =B9/$A$3 -> 0.1322314 | D9: 2097000 | E9: 1505000 | F9: 1220000 | G9: 1041000 | H9: 946000
B10: 2900000 | C10: =B10/$A$3 -> 0.13695396 | D10: 2087000 | E10: 1498000 | F10: 1214000 | G10: 1036000 | H10: 941000
B11: 3000000 | C11: =B11/$A$3 -> 0.14167651 | D11: 2077000 | E11: 1491000 | F11: 1208000 | G11: 1031000 | H11: 936000
B12: 3100000 | C12: =B12/$A$3 -> 0.14639906 | D12: 2067000 | E12: 1484000 | F12: 1202000 | G12: 1026000 | H12: 931000
B13: 3200000 | C13: =B13/$A$3 -> 0.15112161 | D13: 2057000 | E13: 1477000 | F13: 1196000 | G13: 1021000 | H13: 926000
B14: 3300000 | C14: =B14/$A$3 -> 0.15584416 | D14: 2047000 | E14: 1470000 | F14: 1190000 | G14: 1016000 | H14: 921000
B15: 3400000 | C15: =B15/$A$3 -> 0.16056671 | D15: 2037000 | E15: 1463000 | F15: 1184000 | G15: 1011000 | H15: 916000
... B60: 7900000 | C60: =B60/$A$3 -> 0.37308146 | D60: 1587000 | E60: 1148000 | F60: 914000 | G60: 786000 | H60: 691000
D61: 1577000 | E61: 1141000 | F61: 908000 | G61: 781000 | H61: 686000
D62: 1567000 | E62: 1134000 | F62: 902000 | G62: 776000 | H62: 681000
D63: 1557000 | E63: 1127000 | F63: 896000 | G63: 771000 | H63: 676000
D64: 1547000 | E64: 1120000 | F64: 890000 | G64: 766000 | H64: 671000
D65: 1537000 | E65: 1113000 | F65: 884000 | G65: 761000 | H65: 666000
D66: 1527000 | E66: 1106000 | F66: 878000 | G66: 756000 | H66: 661000
D67: 1517000 | E67: 1099000 | F67: 872000 | G67: 751000 | H67: 656000
D68: 1507000 | E68: 1092000 | F68: 866000 | G68: 746000 | H68: 651000
D69: 1497000 | E69: 1085000 | F69: 860000 | G69: 741000 | H69: 646000
D70: 1487000 | E70: 1078000 | F70: 854000 | G70: 736000 | H70: 641000
D71: 1477000 | E71: 1071000 | F71: 848000 | G71: 731000 | H71: 636000
D72: 1467000 | E72: 1064000 | F72: 842000 | G72: 726000 | H72: 631000
... D79: 1397000 | E79: 1015000 | F79: 800000 | G79: 691000 | H79: 596000

Sheet  REVO FIT FI  
A1: REVO FIT FI | B1: DP | C1: % DP | D1: JANGKA WAKTU
D2: 12 | E2: 18 | F2: 24 | G2: 30 | H2: 36 | I2: .
A3: =OTR!E3 -> 19475000 | B3: 2000000 | C3: =B3/$A$3 -> 0.10269576 | D3: 1985000 | E3: 1426000 | F3: 1160000 | G3: 990000 | H3: 863000
B4: 2100000 | C4: =B4/$A$3 -> 0.10783055 | D4: 1975000 | E4: 1419000 | F4: 1154000 | G4: 985000 | H4: 859000
B5: 2200000 | C5: =B5/$A$3 -> 0.11296534 | D5: 1965000 | E5: 1412000 | F5: 1148000 | G5: 980000 | H5: 855000
B6: 2300000 | C6: =B6/$A$3 -> 0.11810013 | D6: 1955000 | E6: 1405000 | F6: 1142000 | G6: 975000 | H6: 851000
B7: 2400000 | C7: =B7/$A$3 -> 0.12323492 | D7: 1945000 | E7: 1398000 | F7: 1136000 | G7: 970000 | H7: 847000
B8: 2500000 | C8: =B8/$A$3 -> 0.1283697 | D8: 1935000 | E8: 1391000 | F8: 1130000 | G8: 965000 | H8: 843000
B9: 2600000 | C9: =B9/$A$3 -> 0.13350449 | D9: 1925000 | E9: 1384000 | F9: 1124000 | G9: 960000 | H9: 839000
B10: 2700000 | C10: =B10/$A$3 -> 0.13863928 | D10: 1915000 | E10: 1377000 | F10: 1118000 | G10: 955000 | H10: 835000
B11: 2800000 | C11: =B11/$A$3 -> 0.14377407 | D11: 1905000 | E11: 1370000 | F11: 1112000 | G11: 950000 | H11: 831000
B12: 2900000 | C12: =B12/$A$3 -> 0.14890886 | D12: 1895000 | E12: 1363000 | F12: 1106000 | G12: 945000 | H12: 827000
B13: 3000000 | C13: =B13/$A$3 -> 0.15404365 | D13: 1885000 | E13: 1356000 | F13: 1100000 | G13: 940000 | H13: 823000
B14: 3100000 | C14: =B14/$A$3 -> 0.15917843 | D14: 1875000 | E14: 1349000 | F14: 1094000 | G14: 935000 | H14: 819000
B15: 3200000 | C15: =B15/$A$3 -> 0.16431322 | D15: 1865000 | E15: 1342000 | F15: 1088000 | G15: 930000 | H15: 815000
... B55: 7200000 | C55: =B55/$A$3 -> 0.36970475 | D55: 1465000 | E55: 1062000 | F55: 848000 | G55: 730000 | H55: 655000
D56: 1455000 | E56: 1055000 | F56: 842000 | G56: 725000 | H56: 651000
D57: 1445000 | E57: 1048000 | F57: 836000 | G57: 720000 | H57: 647000
D58: 1435000 | E58: 1041000 | F58: 830000 | G58: 715000 | H58: 643000
D59: 1425000 | E59: 1034000 | F59: 824000 | G59: 710000 | H59: 639000
D60: 1415000 | E60: 1027000 | F60: 818000 | G60: 705000 | H60: 635000
D61: 1405000 | E61: 1020000 | F61: 812000 | G61: 700000 | H61: 631000
D62: 1395000 | E62: 1013000 | F62: 806000 | G62: 695000 | H62: 627000
D63: 1385000 | E63: 1006000 | F63: 800000 | G63: 690000 | H63: 623000
D64: 1375000 | E64: 999000 | F64: 794000 | G64: 685000 | H64: 619000
D65: 1365000 | E65: 992000 | F65: 788000 | G65: 680000 | H65: 615000
D66: 1355000 | E66: 985000 | F66: 782000 | G66: 675000 | H66: 611000
D67: 1345000 | E67: 978000 | F67: 776000 | G67: 670000 | H67: 607000
... D74: 1275000 | E74: 929000 | F74: 734000 | G74: 635000 | H74: 579000

Sheet  SUPRA X FI SP  
A1: SUPRA X FI SP | B1: DP | C1: % DP | D1: JANGKA WAKTU
D2: 12 | E2: 18 | F2: 24 | G2: 30 | H2: 36 | I2: .
A3: =OTR!E5 -> 22725000 | B3: 2300000 | C3: =B3/$A$3 -> 0.10121012 | D3: 2300000 | E3: 1646000 | F3: 1338000 | G3: 1138000 | H3: 1037000
B4: 2400000 | C4: =B4/$A$3 -> 0.10561056 | D4: 2290000 | E4: 1639000 | F4: 1332000 | G4: 1133000 | H4: 1032000
B5: 2500000 | C5: =B5/$A$3 -> 0.110011 | D5: 2280000 | E5: 1632000 | F5: 1326000 | G5: 1128000 | H5: 1027000
B6: 2600000 | C6: =B6/$A$3 -> 0.11441144 | D6: 2270000 | E6: 1625000 | F6: 1320000 | G6: 1123000 | H6: 1022000
B7: 2700000 | C7: =B7/$A$3 -> 0.11881188 | D7: 2260000 | E7: 1618000 | F7: 1314000 | G7: 1118000 | H7: 1017000
B8: 2800000 | C8: =B8/$A$3 -> 0.12321232 | D8: 2250000 | E8: 1611000 | F8: 1308000 | G8: 1113000 | H8: 1012000
B9: 2900000 | C9: =B9/$A$3 -> 0.12761276 | D9: 2240000 | E9: 1604000 | F9: 1302000 | G9: 1108000 | H9: 1007000
B10: 3000000 | C10: =B10/$A$3 -> 0.1320132 | D10: 2230000 | E10: 1597000 | F10: 1296000 | G10: 1103000 | H10: 1002000
B11: 3100000 | C11: =B11/$A$3 -> 0.13641364 | D11: 2220000 | E11: 1590000 | F11: 1290000 | G11: 1098000 | H11: 997000
B12: 3200000 | C12: =B12/$A$3 -> 0.14081408 | D12: 2210000 | E12: 1583000 | F12: 1284000 | G12: 1093000 | H12: 992000
B13: 3300000 | C13: =B13/$A$3 -> 0.14521452 | D13: 2200000 | E13: 1576000 | F13: 1278000 | G13: 1088000 | H13: 987000
B14: 3400000 | C14: =B14/$A$3 -> 0.14961496 | D14: 2190000 | E14: 1569000 | F14: 1272000 | G14: 1083000 | H14: 982000
B15: 3500000 | C15: =B15/$A$3 -> 0.1540154 | D15: 2180000 | E15: 1562000 | F15: 1266000 | G15: 1078000 | H15: 977000
... B65: 8500000 | C65: =B65/$A$3 -> 0.3740374 | D65: 1680000 | E65: 1212000 | F65: 966000 | G65: 828000 | H65: 727000
D66: 1670000 | E66: 1205000 | F66: 960000 | G66: 823000 | H66: 722000
D67: 1660000 | E67: 1198000 | F67: 954000 | G67: 818000 | H67: 717000
D68: 1650000 | E68: 1191000 | F68: 948000 | G68: 813000 | H68: 712000
D69: 1640000 | E69: 1184000 | F69: 942000 | G69: 808000 | H69: 707000
D70: 1630000 | E70: 1177000 | F70: 936000 | G70: 803000 | H70: 702000
D71: 1620000 | E71: 1170000 | F71: 930000 | G71: 798000 | H71: 697000
D72: 1610000 | E72: 1163000 | F72: 924000 | G72: 793000 | H72: 692000
D73: 1600000 | E73: 1156000 | F73: 918000 | G73: 788000 | H73: 687000
D74: 1590000 | E74: 1149000 | F74: 912000 | G74: 783000 | H74: 682000
D75: 1580000 | E75: 1142000 | F75: 906000 | G75: 778000 | H75: 677000
D76: 1570000 | E76: 1135000 | F76: 900000 | G76: 773000 | H76: 672000
D77: 1560000 | E77: 1128000 | F77: 894000 | G77: 768000 | H77: 667000
... D84: 1490000 | E84: 1079000 | F84: 852000 | G84: 733000 | H84: 632000

Sheet  SUPRA X FI CW  
A1: SUPRA X FI CW | B1: DP | C1: % DP | D1: JANGKA WAKTU
D2: 12 | E2: 18 | F2: 24 | G2: 30 | H2: 36
A3: =OTR!E6 -> 23800000 | B3: 2400000 | C3: =B3/$A$3 -> 0.10084034 | D3: 2378000 | E3: 1703000 | F3: 1344000 | G3: 1177000 | H3: 1029000
B4: 2500000 | C4: =B4/$A$3 -> 0.10504202 | D4: 2368000 | E4: 1696000 | F4: 1339000 | G4: 1172000 | H4: 1025000
B5: 2600000 | C5: =B5/$A$3 -> 0.1092437 | D5: 2358000 | E5: 1689000 | F5: 1334000 | G5: 1167000 | H5: 1021000
B6: 2700000 | C6: =B6/$A$3 -> 0.11344538 | D6: 2348000 | E6: 1682000 | F6: 1329000 | G6: 1162000 | H6: 1017000
B7: 2800000 | C7: =B7/$A$3 -> 0.11764706 | D7: 2338000 | E7: 1675000 | F7: 1324000 | G7: 1157000 | H7: 1013000
B8: 2900000 | C8: =B8/$A$3 -> 0.12184874 | D8: 2328000 | E8: 1668000 | F8: 1319000 | G8: 1152000 | H8: 1009000
B9: 3000000 | C9: =B9/$A$3 -> 0.12605042 | D9: 2318000 | E9: 1661000 | F9: 1314000 | G9: 1147000 | H9: 1005000
B10: 3100000 | C10: =B10/$A$3 -> 0.1302521 | D10: 2308000 | E10: 1654000 | F10: 1309000 | G10: 1142000 | H10: 1001000
B11: 3200000 | C11: =B11/$A$3 -> 0.13445378 | D11: 2298000 | E11: 1647000 | F11: 1304000 | G11: 1137000 | H11: 997000
B12: 3300000 | C12: =B12/$A$3 -> 0.13865546 | D12: 2288000 | E12: 1640000 | F12: 1299000 | G12: 1132000 | H12: 993000
B13: 3400000 | C13: =B13/$A$3 -> 0.14285714 | D13: 2278000 | E13: 1633000 | F13: 1294000 | G13: 1127000 | H13: 989000
B14: 3500000 | C14: =B14/$A$3 -> 0.14705882 | D14: 2268000 | E14: 1626000 | F14: 1289000 | G14: 1122000 | H14: 985000
B15: 3600000 | C15: =B15/$A$3 -> 0.1512605 | D15: 2258000 | E15: 1619000 | F15: 1284000 | G15: 1117000 | H15: 981000
... B68: 8900000 | C68: =B68/$A$3 -> 0.37394958 | D68: 1728000 | E68: 1248000 | F68: 1019000 | G68: 852000 | H68: 769000
D69: 1718000 | E69: 1241000 | F69: 1014000 | G69: 847000 | H69: 765000
D70: 1708000 | E70: 1234000 | F70: 1009000 | G70: 842000 | H70: 761000
D71: 1698000 | E71: 1227000 | F71: 1004000 | G71: 837000 | H71: 757000
D72: 1688000 | E72: 1220000 | F72: 999000 | G72: 832000 | H72: 753000
D73: 1678000 | E73: 1213000 | F73: 994000 | G73: 827000 | H73: 749000
D74: 1668000 | E74: 1206000 | F74: 989000 | G74: 822000 | H74: 745000
D75: 1658000 | E75: 1199000 | F75: 984000 | G75: 817000 | H75: 741000
D76: 1648000 | E76: 1192000 | F76: 979000 | G76: 812000 | H76: 737000
D77: 1638000 | E77: 1185000 | F77: 974000 | G77: 807000 | H77: 733000
D78: 1628000 | E78: 1178000 | F78: 969000 | G78: 802000 | H78: 729000
D79: 1618000 | E79: 1171000 | F79: 964000 | G79: 797000 | H79: 725000
D80: 1608000 | E80: 1164000 | F80: 959000 | G80: 792000 | H80: 721000
... D87: 1538000 | E87: 1115000 | F87: 924000 | G87: 757000 | H87: 693000

Sheet  SUPRA GTR SPORTY  
A1: SUPRA GTR SPORTY | B1: DP | C1: % DP | D1: JANGKA WAKTU
D2: 12 | E2: 18 | F2: 24 | G2: 30 | H2: 36 | O2: =(I3-I4)*1.5 -> 0
A3: =OTR!E7 -> 28975000 | B3: 2900000 | C3: =B3/$A$3 -> 0.10008628 | D3: 2894000 | E3: 2067000 | F3: 1673000 | G3: 1419000 | H3: 1241000
B4: 3000000 | C4: =B4/$A$3 -> 0.10353753 | D4: 2884000 | E4: 2060000 | F4: 1667000 | G4: 1414000 | H4: 1237000
B5: 3100000 | C5: =B5/$A$3 -> 0.10698878 | D5: 2874000 | E5: 2053000 | F5: 1661000 | G5: 1409000 | H5: 1233000
B6: 3200000 | C6: =B6/$A$3 -> 0.11044003 | D6: 2864000 | E6: 2046000 | F6: 1655000 | G6: 1404000 | H6: 1229000
B7: 3300000 | C7: =B7/$A$3 -> 0.11389129 | D7: 2854000 | E7: 2039000 | F7: 1649000 | G7: 1399000 | H7: 1225000
B8: 3400000 | C8: =B8/$A$3 -> 0.11734254 | D8: 2844000 | E8: 2032000 | F8: 1643000 | G8: 1394000 | H8: 1221000
B9: 3500000 | C9: =B9/$A$3 -> 0.12079379 | D9: 2834000 | E9: 2025000 | F9: 1637000 | G9: 1389000 | H9: 1217000
B10: 3600000 | C10: =B10/$A$3 -> 0.12424504 | D10: 2824000 | E10: 2018000 | F10: 1631000 | G10: 1384000 | H10: 1213000
B11: 3700000 | C11: =B11/$A$3 -> 0.12769629 | D11: 2814000 | E11: 2011000 | F11: 1625000 | G11: 1379000 | H11: 1209000
B12: 3800000 | C12: =B12/$A$3 -> 0.13114754 | D12: 2804000 | E12: 2004000 | F12: 1619000 | G12: 1374000 | H12: 1205000
B13: 3900000 | C13: =B13/$A$3 -> 0.13459879 | D13: 2794000 | E13: 1997000 | F13: 1613000 | G13: 1369000 | H13: 1201000
B14: 4000000 | C14: =B14/$A$3 -> 0.13805004 | D14: 2784000 | E14: 1990000 | F14: 1607000 | G14: 1364000 | H14: 1197000
B15: 4100000 | C15: =B15/$A$3 -> 0.14150129 | D15: 2774000 | E15: 1983000 | F15: 1601000 | G15: 1359000 | H15: 1193000
... B85: 11100000 | C85: =B85/$A$3 -> 0.38308887 | D85: 2074000 | E85: 1493000 | F85: 1181000 | G85: 1009000 | H85: 913000
D86: 2064000 | E86: 1486000 | F86: 1175000 | G86: 1004000 | H86: 909000
D87: 2054000 | E87: 1479000 | F87: 1169000 | G87: 999000 | H87: 905000
D88: 2044000 | E88: 1472000 | F88: 1163000 | G88: 994000 | H88: 901000
D89: 2034000 | E89: 1465000 | F89: 1157000 | G89: 989000 | H89: 897000
D90: 2024000 | E90: 1458000 | F90: 1151000 | G90: 984000 | H90: 893000
D91: 2014000 | E91: 1451000 | F91: 1145000 | G91: 979000 | H91: 889000
D92: 2004000 | E92: 1444000 | F92: 1139000 | G92: 974000 | H92: 885000
D93: 1994000 | E93: 1437000 | F93: 1133000 | G93: 969000 | H93: 881000
D94: 1984000 | E94: 1430000 | F94: 1127000 | G94: 964000 | H94: 877000
D95: 1974000 | E95: 1423000 | F95: 1121000 | G95: 959000 | H95: 873000
D96: 1964000 | E96: 1416000 | F96: 1115000 | G96: 954000 | H96: 869000
D97: 1954000 | E97: 1409000 | F97: 1109000 | G97: 949000 | H97: 865000
... D112: 1804000 | E112: 1304000 | F112: 1019000 | G112: 874000 | H112: 805000

Sheet  SUPRA GTR EXCLUSIVE  
A1: SUPRA GTR EXCLUSIVE | B1: DP | C1: % DP | D1: JANGKA WAKTU
D2: 12 | E2: 18 | F2: 24 | G2: 30 | H2: 36 | O2: =(I3-I4)*1.5 -> 0
A3: =OTR!E8 -> 29225000 | B3: 3000000 | C3: =B3/$A$3 -> 0.10265184 | D3: 2908000 | E3: 2124000 | F3: 1680000 | G3: 1376000 | H3: 1248000
B4: 3100000 | C4: =B4/$A$3 -> 0.10607357 | D4: 2898000 | E4: 2116000 | F4: 1674000 | G4: 1372000 | H4: 1244000
B5: 3200000 | C5: =B5/$A$3 -> 0.1094953 | D5: 2888000 | E5: 2108000 | F5: 1668000 | G5: 1368000 | H5: 1240000
B6: 3300000 | C6: =B6/$A$3 -> 0.11291702 | D6: 2878000 | E6: 2100000 | F6: 1662000 | G6: 1364000 | H6: 1236000
B7: 3400000 | C7: =B7/$A$3 -> 0.11633875 | D7: 2868000 | E7: 2092000 | F7: 1656000 | G7: 1360000 | H7: 1232000
B8: 3500000 | C8: =B8/$A$3 -> 0.11976048 | D8: 2858000 | E8: 2084000 | F8: 1650000 | G8: 1356000 | H8: 1228000
B9: 3600000 | C9: =B9/$A$3 -> 0.12318221 | D9: 2848000 | E9: 2076000 | F9: 1644000 | G9: 1352000 | H9: 1224000
B10: 3700000 | C10: =B10/$A$3 -> 0.12660393 | D10: 2838000 | E10: 2068000 | F10: 1638000 | G10: 1348000 | H10: 1220000
B11: 3800000 | C11: =B11/$A$3 -> 0.13002566 | D11: 2828000 | E11: 2060000 | F11: 1632000 | G11: 1344000 | H11: 1216000
B12: 3900000 | C12: =B12/$A$3 -> 0.13344739 | D12: 2818000 | E12: 2052000 | F12: 1626000 | G12: 1340000 | H12: 1212000
B13: 4000000 | C13: =B13/$A$3 -> 0.13686912 | D13: 2808000 | E13: 2044000 | F13: 1620000 | G13: 1336000 | H13: 1208000
B14: 4100000 | C14: =B14/$A$3 -> 0.14029085 | D14: 2798000 | E14: 2036000 | F14: 1614000 | G14: 1332000 | H14: 1204000
B15: 4200000 | C15: =B15/$A$3 -> 0.14371257 | D15: 2788000 | E15: 2028000 | F15: 1608000 | G15: 1328000 | H15: 1200000
... B85: 11200000 | C85: =B85/$A$3 -> 0.38323353 | D85: 2088000 | E85: 1468000 | F85: 1188000 | G85: 1048000 | H85: 920000
D86: 2078000 | E86: 1460000 | F86: 1182000 | G86: 1044000 | H86: 916000
D87: 2068000 | E87: 1452000 | F87: 1176000 | G87: 1040000 | H87: 912000
D88: 2058000 | E88: 1444000 | F88: 1170000 | G88: 1036000 | H88: 908000
D89: 2048000 | E89: 1436000 | F89: 1164000 | G89: 1032000 | H89: 904000
D90: 2038000 | E90: 1428000 | F90: 1158000 | G90: 1028000 | H90: 900000
D91: 2028000 | E91: 1420000 | F91: 1152000 | G91: 1024000 | H91: 896000
D92: 2018000 | E92: 1412000 | F92: 1146000 | G92: 1020000 | H92: 892000
D93: 2008000 | E93: 1404000 | F93: 1140000 | G93: 1016000 | H93: 888000
D94: 1998000 | E94: 1396000 | F94: 1134000 | G94: 1012000 | H94: 884000
D95: 1988000 | E95: 1388000 | F95: 1128000 | G95: 1008000 | H95: 880000
D96: 1978000 | E96: 1380000 | F96: 1122000 | G96: 1004000 | H96: 876000
D97: 1968000 | E97: 1372000 | F97: 1116000 | G97: 1000000 | H97: 872000
... D112: 1818000 | E112: 1252000 | F112: 1026000 | G112: 940000 | H112: 812000

Sheet BEAT SPORTY CBS 
A1: BEAT SPORTY CBS | B1: DP | C1: % DP | D1: JANGKA WAKTU
D2: 12 | E2: 18 | F2: 24 | G2: 30 | H2: 36 | I2: .
A3: =OTR!E42 -> 0 | B3: 1500000 | C3: =B3/$A$3 -> #DIV/0! | D3: 1984000 | E3: 1433000 | F3: 1124000 | G3: 956000 | H3: 862000
B4: 1600000 | C4: =B4/$A$3 -> #DIV/0! | D4: 1974000 | E4: 1426000 | F4: 1119000 | G4: 952000 | H4: 858000
B5: 1700000 | C5: =B5/$A$3 -> #DIV/0! | D5: 1964000 | E5: 1419000 | F5: 1114000 | G5: 948000 | H5: 854000
B6: 1800000 | C6: =B6/$A$3 -> #DIV/0! | D6: 1954000 | E6: 1412000 | F6: 1109000 | G6: 944000 | H6: 850000
B7: 1900000 | C7: =B7/$A$3 -> #DIV/0! | D7: 1944000 | E7: 1405000 | F7: 1104000 | G7: 940000 | H7: 846000
B8: 2000000 | C8: =B8/$A$3 -> #DIV/0! | D8: 1934000 | E8: 1398000 | F8: 1099000 | G8: 936000 | H8: 842000
B9: 2100000 | C9: =B9/$A$3 -> #DIV/0! | D9: 1924000 | E9: 1391000 | F9: 1094000 | G9: 932000 | H9: 838000
B10: 2200000 | C10: =B10/$A$3 -> #DIV/0! | D10: 1914000 | E10: 1384000 | F10: 1089000 | G10: 928000 | H10: 834000
B11: 2300000 | C11: =B11/$A$3 -> #DIV/0! | D11: 1904000 | E11: 1377000 | F11: 1084000 | G11: 924000 | H11: 830000
B12: 2400000 | C12: =B12/$A$3 -> #DIV/0! | D12: 1894000 | E12: 1370000 | F12: 1079000 | G12: 920000 | H12: 826000
B13: 2500000 | C13: =B13/$A$3 -> #DIV/0! | D13: 1884000 | E13: 1363000 | F13: 1074000 | G13: 916000 | H13: 822000
B14: 2600000 | C14: =B14/$A$3 -> #DIV/0! | D14: 1874000 | E14: 1356000 | F14: 1069000 | G14: 912000 | H14: 818000
B15: 2700000 | C15: =B15/$A$3 -> #DIV/0! | D15: 1864000 | E15: 1349000 | F15: 1063000 | G15: 907000 | H15: 813000
... B76: 8800000 | C76: =B76/$A$3 -> #DIV/0! | D76: 1244000 | E76: 913000 | F76: 718000 | G76: 617000 | H76: 559000
D77: 1234000 | E77: 906000 | F77: 712000 | G77: 612000 | H77: 555000
D78: 1224000 | E78: 899000 | F78: 707000 | G78: 608000 | H78: 551000
D79: 1214000 | E79: 892000 | F79: 701000 | G79: 603000 | H79: 546000

Sheet BEAT SPORTY CBS ISS 
A1: BEAT SPORTY CBS ISS | B1: DP | C1: % DP | D1: JANGKA WAKTU
D2: 12 | E2: 18 | F2: 24 | G2: 30 | H2: 36
A3: =OTR!E43 -> 0 | B3: 1500000 | C3: =B3/$A$3 -> #DIV/0! | D3: 2054000 | E3: 1488000 | F3: 1164000 | G3: 988000 | H3: 893000
B4: 1600000 | C4: =B4/$A$3 -> #DIV/0! | D4: 2044000 | E4: 1481000 | F4: 1159000 | G4: 984000 | H4: 889000
B5: 1700000 | C5: =B5/$A$3 -> #DIV/0! | D5: 2034000 | E5: 1474000 | F5: 1154000 | G5: 980000 | H5: 885000
B6: 1800000 | C6: =B6/$A$3 -> #DIV/0! | D6: 2024000 | E6: 1467000 | F6: 1149000 | G6: 976000 | H6: 881000
B7: 1900000 | C7: =B7/$A$3 -> #DIV/0! | D7: 2014000 | E7: 1460000 | F7: 1144000 | G7: 972000 | H7: 877000
B8: 2000000 | C8: =B8/$A$3 -> #DIV/0! | D8: 2004000 | E8: 1453000 | F8: 1139000 | G8: 968000 | H8: 873000
B9: 2100000 | C9: =B9/$A$3 -> #DIV/0! | D9: 1994000 | E9: 1446000 | F9: 1134000 | G9: 964000 | H9: 869000
B10: 2200000 | C10: =B10/$A$3 -> #DIV/0! | D10: 1984000 | E10: 1439000 | F10: 1129000 | G10: 960000 | H10: 865000
B11: 2300000 | C11: =B11/$A$3 -> #DIV/0! | D11: 1974000 | E11: 1432000 | F11: 1124000 | G11: 956000 | H11: 861000
B12: 2400000 | C12: =B12/$A$3 -> #DIV/0! | D12: 1964000 | E12: 1425000 | F12: 1119000 | G12: 952000 | H12: 857000
B13: 2500000 | C13: =B13/$A$3 -> #DIV/0! | D13: 1954000 | E13: 1418000 | F13: 1114000 | G13: 948000 | H13: 853000
B14: 2600000 | C14: =B14/$A$3 -> #DIV/0! | D14: 1944000 | E14: 1411000 | F14: 1109000 | G14: 944000 | H14: 849000
B15: 2700000 | C15: =B15/$A$3 -> #DIV/0! | D15: 1934000 | E15: 1404000 | F15: 1104000 | G15: 940000 | H15: 845000
... B78: 9000000 | C78: =B78/$A$3 -> #DIV/0! | D78: 1294000 | E78: 953000 | F78: 747000 | G78: 640000 | H78: 582000
D79: 1284000 | E79: 946000 | F79: 741000 | G79: 636000 | H79: 578000
D80: 1274000 | E80: 939000 | F80: 736000 | G80: 631000 | H80: 574000
D81: 1264000 | E81: 932000 | F81: 730000 | G81: 626000 | H81: 570000

Sheet BEAT SPORTY DX CBS ISS 
A1: BEAT SPORTY DX CBS ISS | B1: DP | C1: % DP | D1: JANGKA WAKTU
D2: 12 | E2: 18 | F2: 24 | G2: 30 | H2: 36
A3: =OTR!E44 -> 0 | B3: 1500000 | C3: =B3/$A$3 -> #DIV/0! | D3: 2066000 | E3: 1490000 | F3: 1168000 | G3: 992000 | H3: 899000
B4: 1600000 | C4: =B4/$A$3 -> #DIV/0! | D4: 2056000 | E4: 1483000 | F4: 1163000 | G4: 988000 | H4: 895000
B5: 1700000 | C5: =B5/$A$3 -> #DIV/0! | D5: 2046000 | E5: 1476000 | F5: 1158000 | G5: 984000 | H5: 891000
B6: 1800000 | C6: =B6/$A$3 -> #DIV/0! | D6: 2036000 | E6: 1469000 | F6: 1153000 | G6: 980000 | H6: 887000
B7: 1900000 | C7: =B7/$A$3 -> #DIV/0! | D7: 2026000 | E7: 1462000 | F7: 1148000 | G7: 976000 | H7: 883000
B8: 2000000 | C8: =B8/$A$3 -> #DIV/0! | D8: 2016000 | E8: 1455000 | F8: 1143000 | G8: 972000 | H8: 879000
B9: 2100000 | C9: =B9/$A$3 -> #DIV/0! | D9: 2006000 | E9: 1448000 | F9: 1138000 | G9: 968000 | H9: 875000
B10: 2200000 | C10: =B10/$A$3 -> #DIV/0! | D10: 1996000 | E10: 1441000 | F10: 1133000 | G10: 964000 | H10: 871000
B11: 2300000 | C11: =B11/$A$3 -> #DIV/0! | D11: 1986000 | E11: 1434000 | F11: 1128000 | G11: 960000 | H11: 867000
B12: 2400000 | C12: =B12/$A$3 -> #DIV/0! | D12: 1976000 | E12: 1427000 | F12: 1123000 | G12: 956000 | H12: 863000
B13: 2500000 | C13: =B13/$A$3 -> #DIV/0! | D13: 1966000 | E13: 1420000 | F13: 1118000 | G13: 952000 | H13: 859000
B14: 2600000 | C14: =B14/$A$3 -> #DIV/0! | D14: 1956000 | E14: 1413000 | F14: 1113000 | G14: 948000 | H14: 855000
B15: 2700000 | C15: =B15/$A$3 -> #DIV/0! | D15: 1946000 | E15: 1406000 | F15: 1108000 | G15: 944000 | H15: 851000
... B60: 7200000 | C60: =B60/$A$3 -> #DIV/0! | D60: 1487000 | E60: 1082000 | F60: 851000 | G60: 728000 | H60: 662000
B61: 7300000 | D61: 1477000 | E61: 1075000 | F61: 846000 | G61: 724000 | H61: 658000
B62: 7400000 | D62: 1467000 | E62: 1068000 | F62: 840000 | G62: 719000 | H62: 653000
B63: 7500000 | D63: 1457000 | E63: 1061000 | F63: 834000 | G63: 714000 | H63: 649000
B64: 7600000 | D64: 1447000 | E64: 1054000 | F64: 829000 | G64: 710000 | H64: 645000
B65: 7700000 | D65: 1437000 | E65: 1047000 | F65: 823000 | G65: 705000 | H65: 641000
B66: 7800000 | D66: 1427000 | E66: 1040000 | F66: 818000 | G66: 700000 | H66: 637000
B67: 7900000 | D67: 1417000 | E67: 1033000 | F67: 812000 | G67: 696000 | H67: 633000
B68: 8000000 | D68: 1407000 | E68: 1026000 | F68: 807000 | G68: 691000 | H68: 629000
B69: 8100000 | D69: 1397000 | E69: 1019000 | F69: 801000 | G69: 686000 | H69: 625000
B70: 8200000 | D70: 1387000 | E70: 1012000 | F70: 795000 | G70: 682000 | H70: 621000
B71: 8300000 | D71: 1377000 | E71: 1005000 | F71: 790000 | G71: 677000 | H71: 616000
B72: 8400000 | D72: 1367000 | E72: 998000 | F72: 784000 | G72: 672000 | H72: 612000
... B76: 8800000 | D76: 1327000 | E76: 969000 | F76: 762000 | G76: 654000 | H76: 596000
D77: 1317000 | E77: 962000 | F77: 757000 | G77: 649000 | H77: 592000
D78: 1307000 | E78: 955000 | F78: 751000 | G78: 644000 | H78: 588000
D79: 1297000 | E79: 948000 | F79: 745000 | G79: 640000 | H79: 584000
D80: 1287000 | E80: 941000 | F80: 740000 | G80: 635000 | H80: 579000
D81: 1277000 | E81: 934000 | F81: 734000 | G81: 630000 | H81: 575000
D82: 1267000 | E82: 927000 | F82: 729000 | G82: 626000 | H82: 571000

Sheet BEAT STREET 
A1: BEAT STREET | B1: DP | C1: % DP | D1: JANGKA WAKTU
D2: 12 | E2: 18 | F2: 24 | G2: 30 | H2: 36
A3: =OTR!E45 -> 0 | B3: 1500000 | C3: =B3/$A$3 -> #DIV/0! | D3: 2053000 | E3: 1482000 | F3: 1163000 | G3: 988000 | H3: 890000
B4: 1600000 | C4: =B4/$A$3 -> #DIV/0! | D4: 2043000 | E4: 1475000 | F4: 1158000 | G4: 984000 | H4: 886000
B5: 1700000 | C5: =B5/$A$3 -> #DIV/0! | D5: 2033000 | E5: 1468000 | F5: 1153000 | G5: 980000 | H5: 882000
B6: 1800000 | C6: =B6/$A$3 -> #DIV/0! | D6: 2023000 | E6: 1461000 | F6: 1148000 | G6: 976000 | H6: 878000
B7: 1900000 | C7: =B7/$A$3 -> #DIV/0! | D7: 2013000 | E7: 1454000 | F7: 1143000 | G7: 972000 | H7: 874000
B8: 2000000 | C8: =B8/$A$3 -> #DIV/0! | D8: 2003000 | E8: 1447000 | F8: 1138000 | G8: 968000 | H8: 870000
B9: 2100000 | C9: =B9/$A$3 -> #DIV/0! | D9: 1993000 | E9: 1440000 | F9: 1133000 | G9: 964000 | H9: 866000
B10: 2200000 | C10: =B10/$A$3 -> #DIV/0! | D10: 1983000 | E10: 1433000 | F10: 1128000 | G10: 960000 | H10: 862000
B11: 2300000 | C11: =B11/$A$3 -> #DIV/0! | D11: 1973000 | E11: 1426000 | F11: 1123000 | G11: 956000 | H11: 858000
B12: 2400000 | C12: =B12/$A$3 -> #DIV/0! | D12: 1963000 | E12: 1419000 | F12: 1118000 | G12: 952000 | H12: 854000
B13: 2500000 | C13: =B13/$A$3 -> #DIV/0! | D13: 1953000 | E13: 1412000 | F13: 1113000 | G13: 948000 | H13: 850000
B14: 2600000 | C14: =B14/$A$3 -> #DIV/0! | D14: 1943000 | E14: 1405000 | F14: 1108000 | G14: 944000 | H14: 846000
B15: 2700000 | C15: =B15/$A$3 -> #DIV/0! | D15: 1933000 | E15: 1398000 | F15: 1102000 | G15: 939000 | H15: 841000
... B60: 7200000 | C60: =B60/$A$3 -> #DIV/0! | D60: 1474000 | E60: 1074000 | F60: 846000 | G60: 724000 | H60: 653000
B61: 7300000 | D61: 1464000 | E61: 1067000 | F61: 840000 | G61: 719000 | H61: 648000
B62: 7400000 | D62: 1454000 | E62: 1060000 | F62: 834000 | G62: 714000 | H62: 644000
B63: 7500000 | D63: 1444000 | E63: 1053000 | F63: 829000 | G63: 710000 | H63: 640000
B64: 7600000 | D64: 1434000 | E64: 1046000 | F64: 823000 | G64: 705000 | H64: 636000
B65: 7700000 | D65: 1424000 | E65: 1039000 | F65: 818000 | G65: 700000 | H65: 632000
B66: 7800000 | D66: 1414000 | E66: 1032000 | F66: 812000 | G66: 696000 | H66: 628000
B67: 7900000 | D67: 1404000 | E67: 1025000 | F67: 807000 | G67: 691000 | H67: 624000
B68: 8000000 | D68: 1394000 | E68: 1018000 | F68: 801000 | G68: 686000 | H68: 620000
B69: 8100000 | D69: 1384000 | E69: 1011000 | F69: 795000 | G69: 682000 | H69: 616000
B70: 8200000 | D70: 1374000 | E70: 1004000 | F70: 790000 | G70: 677000 | H70: 611000
B71: 8300000 | D71: 1364000 | E71: 997000 | F71: 784000 | G71: 672000 | H71: 607000
B72: 8400000 | D72: 1354000 | E72: 990000 | F72: 779000 | G72: 668000 | H72: 603000
... B76: 8800000 | D76: 1314000 | E76: 961000 | F76: 757000 | G76: 649000 | H76: 587000
D77: 1304000 | E77: 954000 | F77: 751000 | G77: 644000 | H77: 583000
D78: 1294000 | E78: 947000 | F78: 745000 | G78: 640000 | H78: 579000
D79: 1284000 | E79: 940000 | F79: 740000 | G79: 635000 | H79: 574000
D80: 1274000 | E80: 933000 | F80: 734000 | G80: 630000 | H80: 570000
D81: 1264000 | E81: 926000 | F81: 729000 | G81: 626000 | H81: 566000

Sheet OLD BEAT CBS
A1: BEAT SPORTY CBS | B1: DP | C1: % DP | D1: JANGKA WAKTU
D2: 12 | E2: 18 | F2: 24 | G2: 30 | H2: 36
A3: =OTR!E89 -> 0 | B3: 1500000 | C3: =B3/$A$3 -> #DIV/0! | D3: 2094000 | E3: 1512000 | F3: 1181000 | G3: 1000000 | H3: 906000
B4: 1600000 | C4: =B4/$A$3 -> #DIV/0! | D4: 2084000 | E4: 1505000 | F4: 1176000 | G4: 996000 | H4: 902000
B5: 1700000 | C5: =B5/$A$3 -> #DIV/0! | D5: 2074000 | E5: 1498000 | F5: 1171000 | G5: 992000 | H5: 898000
B6: 1800000 | C6: =B6/$A$3 -> #DIV/0! | D6: 2064000 | E6: 1491000 | F6: 1166000 | G6: 988000 | H6: 894000
B7: 1900000 | C7: =B7/$A$3 -> #DIV/0! | D7: 2054000 | E7: 1484000 | F7: 1161000 | G7: 984000 | H7: 890000
B8: 2000000 | C8: =B8/$A$3 -> #DIV/0! | D8: 2044000 | E8: 1477000 | F8: 1156000 | G8: 980000 | H8: 886000
B9: 2100000 | C9: =B9/$A$3 -> #DIV/0! | D9: 2034000 | E9: 1470000 | F9: 1151000 | G9: 976000 | H9: 882000
B10: 2200000 | C10: =B10/$A$3 -> #DIV/0! | D10: 2024000 | E10: 1463000 | F10: 1146000 | G10: 972000 | H10: 878000
B11: 2300000 | C11: =B11/$A$3 -> #DIV/0! | D11: 2014000 | E11: 1456000 | F11: 1141000 | G11: 968000 | H11: 874000
B12: 2400000 | C12: =B12/$A$3 -> #DIV/0! | D12: 2004000 | E12: 1449000 | F12: 1136000 | G12: 964000 | H12: 870000
B13: 2500000 | C13: =B13/$A$3 -> #DIV/0! | D13: 1994000 | E13: 1442000 | F13: 1131000 | G13: 960000 | H13: 866000
B14: 2600000 | C14: =B14/$A$3 -> #DIV/0! | D14: 1984000 | E14: 1435000 | F14: 1126000 | G14: 956000 | H14: 862000
B15: 2700000 | C15: =B15/$A$3 -> #DIV/0! | D15: 1974000 | E15: 1428000 | F15: 1121000 | G15: 952000 | H15: 858000
... B76: 8800000 | C76: =B76/$A$3 -> #DIV/0! | D76: 1364000 | E76: 1001000 | F76: 816000 | G76: 708000 | H76: 614000
D77: 1354000 | E77: 994000 | F77: 811000 | G77: 704000 | H77: 610000
D78: 1344000 | E78: 987000 | F78: 806000 | G78: 700000 | H78: 606000
D79: 1334000 | E79: 980000 | F79: 801000 | G79: 696000 | H79: 602000
D80: 1324000 | E80: 973000 | F80: 796000 | G80: 692000 | H80: 598000
D81: 1314000 | E81: 966000 | F81: 791000 | G81: 688000 | H81: 594000
D82: 1304000 | E82: 959000 | F82: 786000 | G82: 684000 | H82: 590000
D83: 1294000 | E83: 952000 | F83: 781000 | G83: 680000 | H83: 586000
D84: 1284000 | E84: 945000 | F84: 776000 | G84: 676000 | H84: 582000
D85: 1274000 | E85: 938000 | F85: 771000 | G85: 672000 | H85: 578000
D86: 1264000 | E86: 931000 | F86: 766000 | G86: 668000 | H86: 574000

Sheet NEW BEAT ISS
A1: NEW BEAT SPORTY CBS ISS | B1: DP | C1: % DP | D1: JANGKA WAKTU
D2: 12 | E2: 18 | F2: 24 | G2: 30 | H2: 36
A3: =OTR!E90 -> 0 | B3: 1500000 | C3: =B3/$A$3 -> #DIV/0! | D3: 2124000 | E3: 1537000 | F3: 1199000 | G3: 1016000 | H3: 921000
B4: 1600000 | C4: =B4/$A$3 -> #DIV/0! | D4: 2114000 | E4: 1530000 | F4: 1194000 | G4: 1012000 | H4: 917000
B5: 1700000 | C5: =B5/$A$3 -> #DIV/0! | D5: 2104000 | E5: 1523000 | F5: 1189000 | G5: 1008000 | H5: 913000
B6: 1800000 | C6: =B6/$A$3 -> #DIV/0! | D6: 2094000 | E6: 1516000 | F6: 1184000 | G6: 1004000 | H6: 909000
B7: 1900000 | C7: =B7/$A$3 -> #DIV/0! | D7: 2084000 | E7: 1509000 | F7: 1179000 | G7: 1000000 | H7: 905000
B8: 2000000 | C8: =B8/$A$3 -> #DIV/0! | D8: 2074000 | E8: 1502000 | F8: 1174000 | G8: 996000 | H8: 901000
B9: 2100000 | C9: =B9/$A$3 -> #DIV/0! | D9: 2064000 | E9: 1495000 | F9: 1169000 | G9: 992000 | H9: 897000
B10: 2200000 | C10: =B10/$A$3 -> #DIV/0! | D10: 2054000 | E10: 1488000 | F10: 1164000 | G10: 988000 | H10: 893000
B11: 2300000 | C11: =B11/$A$3 -> #DIV/0! | D11: 2044000 | E11: 1481000 | F11: 1159000 | G11: 984000 | H11: 889000
B12: 2400000 | C12: =B12/$A$3 -> #DIV/0! | D12: 2034000 | E12: 1474000 | F12: 1154000 | G12: 980000 | H12: 885000
B13: 2500000 | C13: =B13/$A$3 -> #DIV/0! | D13: 2024000 | E13: 1467000 | F13: 1149000 | G13: 976000 | H13: 881000
B14: 2600000 | C14: =B14/$A$3 -> #DIV/0! | D14: 2014000 | E14: 1460000 | F14: 1144000 | G14: 972000 | H14: 877000
B15: 2700000 | C15: =B15/$A$3 -> #DIV/0! | D15: 2004000 | E15: 1453000 | F15: 1139000 | G15: 968000 | H15: 873000
... B78: 9000000 | C78: =B78/$A$3 -> #DIV/0! | D78: 1364000 | E78: 1002000 | F78: 786000 | G78: 673000 | H78: 611000
D79: 1354000 | E79: 995000 | F79: 780000 | G79: 668000 | H79: 607000
D80: 1344000 | E80: 988000 | F80: 775000 | G80: 664000 | H80: 602000
D81: 1334000 | E81: 981000 | F81: 769000 | G81: 659000 | H81: 598000
D82: 1324000 | E82: 974000 | F82: 764000 | G82: 654000 | H82: 594000
D83: 1314000 | E83: 967000 | F83: 758000 | G83: 650000 | H83: 590000
D84: 1304000 | E84: 960000 | F84: 752000 | G84: 645000 | H84: 586000
D85: 1294000 | E85: 953000 | F85: 747000 | G85: 640000 | H85: 582000
D86: 1284000 | E86: 946000 | F86: 741000 | G86: 636000 | H86: 578000
D87: 1274000 | E87: 939000 | F87: 736000 | G87: 631000 | H87: 574000
D88: 1264000 | E88: 932000 | F88: 730000 | G88: 626000 | H88: 570000

Sheet OLD BEAT ISS DX
A1: BEAT SPORTY DX CBS ISS | B1: DP | C1: % DP | D1: JANGKA WAKTU
D2: 12 | E2: 18 | F2: 24 | G2: 30 | H2: 36
A3: =OTR!E91 -> 0 | B3: 1500000 | C3: =B3/$A$3 -> #DIV/0! | D3: 2176000 | E3: 1569000 | F3: 1225000 | G3: 1036000 | H3: 943000
B4: 1600000 | C4: =B4/$A$3 -> #DIV/0! | D4: 2166000 | E4: 1562000 | F4: 1220000 | G4: 1032000 | H4: 939000
B5: 1700000 | C5: =B5/$A$3 -> #DIV/0! | D5: 2156000 | E5: 1555000 | F5: 1215000 | G5: 1028000 | H5: 935000
B6: 1800000 | C6: =B6/$A$3 -> #DIV/0! | D6: 2146000 | E6: 1548000 | F6: 1210000 | G6: 1024000 | H6: 931000
B7: 1900000 | C7: =B7/$A$3 -> #DIV/0! | D7: 2136000 | E7: 1541000 | F7: 1205000 | G7: 1020000 | H7: 927000
B8: 2000000 | C8: =B8/$A$3 -> #DIV/0! | D8: 2126000 | E8: 1534000 | F8: 1200000 | G8: 1016000 | H8: 923000
B9: 2100000 | C9: =B9/$A$3 -> #DIV/0! | D9: 2116000 | E9: 1527000 | F9: 1195000 | G9: 1012000 | H9: 919000
B10: 2200000 | C10: =B10/$A$3 -> #DIV/0! | D10: 2106000 | E10: 1520000 | F10: 1190000 | G10: 1008000 | H10: 915000
B11: 2300000 | C11: =B11/$A$3 -> #DIV/0! | D11: 2096000 | E11: 1513000 | F11: 1185000 | G11: 1004000 | H11: 911000
B12: 2400000 | C12: =B12/$A$3 -> #DIV/0! | D12: 2086000 | E12: 1506000 | F12: 1180000 | G12: 1000000 | H12: 907000
B13: 2500000 | C13: =B13/$A$3 -> #DIV/0! | D13: 2076000 | E13: 1499000 | F13: 1175000 | G13: 996000 | H13: 903000
B14: 2600000 | C14: =B14/$A$3 -> #DIV/0! | D14: 2066000 | E14: 1492000 | F14: 1170000 | G14: 992000 | H14: 899000
B15: 2700000 | C15: =B15/$A$3 -> #DIV/0! | D15: 2056000 | E15: 1485000 | F15: 1165000 | G15: 988000 | H15: 895000
... B86: 9800000 | C86: =B86/$A$3 -> #DIV/0! | D86: 1346000 | E86: 988000 | F86: 810000 | G86: 704000 | H86: 611000
D87: 1336000 | E87: 981000 | F87: 805000 | G87: 700000 | H87: 607000
D88: 1326000 | E88: 974000 | F88: 800000 | G88: 696000 | H88: 603000
D89: 1316000 | E89: 967000 | F89: 795000 | G89: 692000 | H89: 599000

Sheet OLD BEAT STREET
A1: BEAT STREET | B1: DP | C1: % DP | D1: JANGKA WAKTU
D2: 12 | E2: 18 | F2: 24 | G2: 30 | H2: 36
A3: =OTR!E92 -> 0 | B3: 1500000 | C3: =B3/$A$3 -> #DIV/0! | D3: 2163000 | E3: 1561000 | F3: 1220000 | G3: 1032000 | H3: 934000
B4: 1600000 | C4: =B4/$A$3 -> #DIV/0! | D4: 2153000 | E4: 1554000 | F4: 1215000 | G4: 1028000 | H4: 930000
B5: 1700000 | C5: =B5/$A$3 -> #DIV/0! | D5: 2143000 | E5: 1547000 | F5: 1210000 | G5: 1024000 | H5: 926000
B6: 1800000 | C6: =B6/$A$3 -> #DIV/0! | D6: 2133000 | E6: 1540000 | F6: 1205000 | G6: 1020000 | H6: 922000
B7: 1900000 | C7: =B7/$A$3 -> #DIV/0! | D7: 2123000 | E7: 1533000 | F7: 1200000 | G7: 1016000 | H7: 918000
B8: 2000000 | C8: =B8/$A$3 -> #DIV/0! | D8: 2113000 | E8: 1526000 | F8: 1195000 | G8: 1012000 | H8: 914000
B9: 2100000 | C9: =B9/$A$3 -> #DIV/0! | D9: 2103000 | E9: 1519000 | F9: 1190000 | G9: 1008000 | H9: 910000
B10: 2200000 | C10: =B10/$A$3 -> #DIV/0! | D10: 2093000 | E10: 1512000 | F10: 1185000 | G10: 1004000 | H10: 906000
B11: 2300000 | C11: =B11/$A$3 -> #DIV/0! | D11: 2083000 | E11: 1505000 | F11: 1180000 | G11: 1000000 | H11: 902000
B12: 2400000 | C12: =B12/$A$3 -> #DIV/0! | D12: 2073000 | E12: 1498000 | F12: 1175000 | G12: 996000 | H12: 898000
B13: 2500000 | C13: =B13/$A$3 -> #DIV/0! | D13: 2063000 | E13: 1491000 | F13: 1170000 | G13: 992000 | H13: 894000
B14: 2600000 | C14: =B14/$A$3 -> #DIV/0! | D14: 2053000 | E14: 1484000 | F14: 1165000 | G14: 988000 | H14: 890000
B15: 2700000 | C15: =B15/$A$3 -> #DIV/0! | D15: 2043000 | E15: 1477000 | F15: 1160000 | G15: 984000 | H15: 886000
... B85: 9700000 | C85: =B85/$A$3 -> #DIV/0! | D85: 1343000 | E85: 987000 | F85: 810000 | G85: 704000 | H85: 606000
D86: 1333000 | E86: 980000 | F86: 805000 | G86: 700000 | H86: 602000
D87: 1323000 | E87: 973000 | F87: 800000 | G87: 696000 | H87: 598000
D88: 1313000 | E88: 966000 | F88: 795000 | G88: 692000 | H88: 594000

Sheet NEW BEAT CBS
A1: NEW BEAT SPORTY CBS | B1: DP | C1: % DP | D1: JANGKA WAKTU
D2: 12 | E2: 18 | F2: 24 | G2: 30 | H2: 36 | I2: 42
A3: =OTR!E101 -> 21250000 | B3: 2200000 | C3: =B3/$A$3 -> 0.10352941 | D3: 2259000 | E3: 1628000 | F3: 1264000 | G3: 1066000 | H3: 972000 | I3: 922000
B4: 2300000 | C4: =B4/$A$3 -> 0.10823529 | D4: 2249000 | E4: 1621000 | F4: 1259000 | G4: 1062000 | H4: 968000 | I4: 918000
B5: 2400000 | C5: =B5/$A$3 -> 0.11294118 | D5: 2239000 | E5: 1614000 | F5: 1254000 | G5: 1058000 | H5: 964000 | I5: 914000
B6: 2500000 | C6: =B6/$A$3 -> 0.11764706 | D6: 2229000 | E6: 1607000 | F6: 1249000 | G6: 1054000 | H6: 960000 | I6: 910000
B7: 2600000 | C7: =B7/$A$3 -> 0.12235294 | D7: 2219000 | E7: 1600000 | F7: 1244000 | G7: 1050000 | H7: 956000 | I7: 906000
B8: 2700000 | C8: =B8/$A$3 -> 0.12705882 | D8: 2209000 | E8: 1593000 | F8: 1239000 | G8: 1046000 | H8: 952000 | I8: 902000
B9: 2800000 | C9: =B9/$A$3 -> 0.13176471 | D9: 2199000 | E9: 1586000 | F9: 1234000 | G9: 1042000 | H9: 948000 | I9: 898000
B10: 2900000 | C10: =B10/$A$3 -> 0.13647059 | D10: 2189000 | E10: 1579000 | F10: 1229000 | G10: 1038000 | H10: 944000 | I10: 894000
B11: 3000000 | C11: =B11/$A$3 -> 0.14117647 | D11: 2179000 | E11: 1572000 | F11: 1224000 | G11: 1034000 | H11: 940000 | I11: 890000
B12: 3100000 | C12: =B12/$A$3 -> 0.14588235 | D12: 2169000 | E12: 1565000 | F12: 1219000 | G12: 1030000 | H12: 936000 | I12: 886000
B13: 3200000 | C13: =B13/$A$3 -> 0.15058824 | D13: 2159000 | E13: 1558000 | F13: 1214000 | G13: 1026000 | H13: 932000 | I13: 882000
B14: 3300000 | C14: =B14/$A$3 -> 0.15529412 | D14: 2149000 | E14: 1551000 | F14: 1209000 | G14: 1022000 | H14: 928000 | I14: 878000
B15: 3400000 | C15: =B15/$A$3 -> 0.16 | D15: 2139000 | E15: 1544000 | F15: 1204000 | G15: 1018000 | H15: 924000 | I15: 874000
... B111: 13000000 | C111: =B111/$A$3 -> 0.61176471 | D111: 1179000 | E111: 872000 | F111: 724000 | G111: 634000 | H111: 540000 | I111: 490000
D112: 1169000 | E112: 865000 | F112: 719000 | G112: 630000 | H112: 536000 | I112: 486000
D113: 1159000 | E113: 858000 | F113: 714000 | G113: 626000 | H113: 532000 | I113: 482000
D114: 1149000 | E114: 851000 | F114: 709000 | G114: 622000 | H114: 528000 | I114: 478000
D115: 1139000 | E115: 844000 | F115: 704000 | G115: 618000 | H115: 524000 | I115: 474000
D116: 1129000 | E116: 837000 | F116: 699000 | G116: 614000 | H116: 520000 | I116: 470000

Sheet NEW BEAT DX
A1: NEW BEAT SPORTY DX CBS ISS | B1: DP | C1: % DP | D1: JANGKA WAKTU
D2: 12 | E2: 18 | F2: 24 | G2: 30 | H2: 36 | I2: 42
A3: =OTR!E102 -> 22150000 | B3: 2300000 | C3: =B3/$A$3 -> 0.10383747 | D3: 2331000 | E3: 1678000 | F3: 1303000 | G3: 1098000 | H3: 1005000 | I3: 955000
B4: 2400000 | C4: =B4/$A$3 -> 0.10835214 | D4: 2321000 | E4: 1671000 | F4: 1298000 | G4: 1094000 | H4: 1001000 | I4: 951000
B5: 2500000 | C5: =B5/$A$3 -> 0.11286682 | D5: 2311000 | E5: 1664000 | F5: 1293000 | G5: 1090000 | H5: 997000 | I5: 947000
B6: 2600000 | C6: =B6/$A$3 -> 0.11738149 | D6: 2301000 | E6: 1657000 | F6: 1288000 | G6: 1086000 | H6: 993000 | I6: 943000
B7: 2700000 | C7: =B7/$A$3 -> 0.12189616 | D7: 2291000 | E7: 1650000 | F7: 1283000 | G7: 1082000 | H7: 989000 | I7: 939000
B8: 2800000 | C8: =B8/$A$3 -> 0.12641084 | D8: 2281000 | E8: 1643000 | F8: 1278000 | G8: 1078000 | H8: 985000 | I8: 935000
B9: 2900000 | C9: =B9/$A$3 -> 0.13092551 | D9: 2271000 | E9: 1636000 | F9: 1273000 | G9: 1074000 | H9: 981000 | I9: 931000
B10: 3000000 | C10: =B10/$A$3 -> 0.13544018 | D10: 2261000 | E10: 1629000 | F10: 1268000 | G10: 1070000 | H10: 977000 | I10: 927000
B11: 3100000 | C11: =B11/$A$3 -> 0.13995485 | D11: 2251000 | E11: 1622000 | F11: 1263000 | G11: 1066000 | H11: 973000 | I11: 923000
B12: 3200000 | C12: =B12/$A$3 -> 0.14446953 | D12: 2241000 | E12: 1615000 | F12: 1258000 | G12: 1062000 | H12: 969000 | I12: 919000
B13: 3300000 | C13: =B13/$A$3 -> 0.1489842 | D13: 2231000 | E13: 1608000 | F13: 1253000 | G13: 1058000 | H13: 965000 | I13: 915000
B14: 3400000 | C14: =B14/$A$3 -> 0.15349887 | D14: 2221000 | E14: 1601000 | F14: 1248000 | G14: 1054000 | H14: 961000 | I14: 911000
B15: 3500000 | C15: =B15/$A$3 -> 0.15801354 | D15: 2211000 | E15: 1594000 | F15: 1243000 | G15: 1050000 | H15: 957000 | I15: 907000
... B110: 13000000 | C110: =B110/$A$3 -> 0.58690745 | D110: 1261000 | E110: 929000 | F110: 768000 | G110: 670000 | H110: 577000 | I110: 527000
D111: 1251000 | E111: 922000 | F111: 763000 | G111: 666000 | H111: 573000 | I111: 523000
D112: 1241000 | E112: 915000 | F112: 758000 | G112: 662000 | H112: 569000 | I112: 519000
D113: 1231000 | E113: 908000 | F113: 753000 | G113: 658000 | H113: 565000 | I113: 515000
D114: 1221000 | E114: 901000 | F114: 748000 | G114: 654000 | H114: 561000 | I114: 511000
D115: 1211000 | E115: 894000 | F115: 743000 | G115: 650000 | H115: 557000 | I115: 507000
D116: 1201000 | E116: 887000 | F116: 738000 | G116: 646000 | H116: 553000 | I116: 503000
D117: 1191000 | E117: 880000 | F117: 733000 | G117: 642000 | H117: 549000 | I117: 499000
D118: 1181000 | E118: 873000 | F118: 728000 | G118: 638000 | H118: 545000 | I118: 495000
D119: 1171000 | E119: 866000 | F119: 723000 | G119: 634000 | H119: 541000 | I119: 491000
D120: 1161000 | E120: 859000 | F120: 718000 | G120: 630000 | H120: 537000 | I120: 487000

Sheet NEW BEAT DX SMART KEY
A1: NEW BEAT SPORTY DX CBS ISS SMART KEY | B1: DP | C1: % DP | D1: JANGKA WAKTU
D2: 12 | E2: 18 | F2: 24 | G2: 30 | H2: 36 | I2: 42
A3: =OTR!E103 -> 22700000 | B3: 2300000 | C3: =B3/$A$3 -> 0.10132159 | D3: 2391000 | E3: 1720000 | F3: 1333000 | G3: 1122000 | H3: 1029000 | I3: 979000
B4: 2400000 | C4: =B4/$A$3 -> 0.10572687 | D4: 2381000 | E4: 1713000 | F4: 1328000 | G4: 1118000 | H4: 1025000 | I4: 975000
B5: 2500000 | C5: =B5/$A$3 -> 0.11013216 | D5: 2371000 | E5: 1706000 | F5: 1323000 | G5: 1114000 | H5: 1021000 | I5: 971000
B6: 2600000 | C6: =B6/$A$3 -> 0.11453744 | D6: 2361000 | E6: 1699000 | F6: 1318000 | G6: 1110000 | H6: 1017000 | I6: 967000
B7: 2700000 | C7: =B7/$A$3 -> 0.11894273 | D7: 2351000 | E7: 1692000 | F7: 1313000 | G7: 1106000 | H7: 1013000 | I7: 963000
B8: 2800000 | C8: =B8/$A$3 -> 0.12334802 | D8: 2341000 | E8: 1685000 | F8: 1308000 | G8: 1102000 | H8: 1009000 | I8: 959000
B9: 2900000 | C9: =B9/$A$3 -> 0.1277533 | D9: 2331000 | E9: 1678000 | F9: 1303000 | G9: 1098000 | H9: 1005000 | I9: 955000
B10: 3000000 | C10: =B10/$A$3 -> 0.13215859 | D10: 2321000 | E10: 1671000 | F10: 1298000 | G10: 1094000 | H10: 1001000 | I10: 951000
B11: 3100000 | C11: =B11/$A$3 -> 0.13656388 | D11: 2311000 | E11: 1664000 | F11: 1293000 | G11: 1090000 | H11: 997000 | I11: 947000
B12: 3200000 | C12: =B12/$A$3 -> 0.14096916 | D12: 2301000 | E12: 1657000 | F12: 1288000 | G12: 1086000 | H12: 993000 | I12: 943000
B13: 3300000 | C13: =B13/$A$3 -> 0.14537445 | D13: 2291000 | E13: 1650000 | F13: 1283000 | G13: 1082000 | H13: 989000 | I13: 939000
B14: 3400000 | C14: =B14/$A$3 -> 0.14977974 | D14: 2281000 | E14: 1643000 | F14: 1278000 | G14: 1078000 | H14: 985000 | I14: 935000
B15: 3500000 | C15: =B15/$A$3 -> 0.15418502 | D15: 2271000 | E15: 1636000 | F15: 1273000 | G15: 1074000 | H15: 981000 | I15: 931000
... B113: 13300000 | C113: =B113/$A$3 -> 0.58590308 | D113: 1291000 | E113: 950000 | F113: 783000 | G113: 682000 | H113: 589000 | I113: 539000
D114: 1281000 | E114: 943000 | F114: 778000 | G114: 678000 | H114: 585000 | I114: 535000
D115: 1271000 | E115: 936000 | F115: 773000 | G115: 674000 | H115: 581000 | I115: 531000
D116: 1261000 | E116: 929000 | F116: 768000 | G116: 670000 | H116: 577000 | I116: 527000
D117: 1251000 | E117: 922000 | F117: 763000 | G117: 666000 | H117: 573000 | I117: 523000
D118: 1241000 | E118: 915000 | F118: 758000 | G118: 662000 | H118: 569000 | I118: 519000
D119: 1231000 | E119: 908000 | F119: 753000 | G119: 658000 | H119: 565000 | I119: 515000
D120: 1221000 | E120: 901000 | F120: 748000 | G120: 654000 | H120: 561000 | I120: 511000
D121: 1211000 | E121: 894000 | F121: 743000 | G121: 650000 | H121: 557000 | I121: 507000
D122: 1201000 | E122: 887000 | F122: 738000 | G122: 646000 | H122: 553000 | I122: 503000
D123: 1191000 | E123: 880000 | F123: 733000 | G123: 642000 | H123: 549000 | I123: 499000

Sheet NEW BEAT STREET
A1: NEW BEAT STREET | B1: DP | C1: % DP | D1: JANGKA WAKTU
D2: 12 | E2: 18 | F2: 24 | G2: 30 | H2: 36 | I2: 42
A3: =OTR!E104 -> 22150000 | B3: 2300000 | C3: =B3/$A$3 -> 0.10383747 | D3: 2338000 | E3: 1684000 | F3: 1308000 | G3: 1102000 | H3: 1004000 | I3: 954000
B4: 2400000 | C4: =B4/$A$3 -> 0.10835214 | D4: 2328000 | E4: 1677000 | F4: 1303000 | G4: 1098000 | H4: 1000000 | I4: 950000
B5: 2500000 | C5: =B5/$A$3 -> 0.11286682 | D5: 2318000 | E5: 1670000 | F5: 1298000 | G5: 1094000 | H5: 996000 | I5: 946000
B6: 2600000 | C6: =B6/$A$3 -> 0.11738149 | D6: 2308000 | E6: 1663000 | F6: 1293000 | G6: 1090000 | H6: 992000 | I6: 942000
B7: 2700000 | C7: =B7/$A$3 -> 0.12189616 | D7: 2298000 | E7: 1656000 | F7: 1288000 | G7: 1086000 | H7: 988000 | I7: 938000
B8: 2800000 | C8: =B8/$A$3 -> 0.12641084 | D8: 2288000 | E8: 1649000 | F8: 1283000 | G8: 1082000 | H8: 984000 | I8: 934000
B9: 2900000 | C9: =B9/$A$3 -> 0.13092551 | D9: 2278000 | E9: 1642000 | F9: 1278000 | G9: 1078000 | H9: 980000 | I9: 930000
B10: 3000000 | C10: =B10/$A$3 -> 0.13544018 | D10: 2268000 | E10: 1635000 | F10: 1273000 | G10: 1074000 | H10: 976000 | I10: 926000
B11: 3100000 | C11: =B11/$A$3 -> 0.13995485 | D11: 2258000 | E11: 1628000 | F11: 1268000 | G11: 1070000 | H11: 972000 | I11: 922000
B12: 3200000 | C12: =B12/$A$3 -> 0.14446953 | D12: 2248000 | E12: 1621000 | F12: 1263000 | G12: 1066000 | H12: 968000 | I12: 918000
B13: 3300000 | C13: =B13/$A$3 -> 0.1489842 | D13: 2238000 | E13: 1614000 | F13: 1258000 | G13: 1062000 | H13: 964000 | I13: 914000
B14: 3400000 | C14: =B14/$A$3 -> 0.15349887 | D14: 2228000 | E14: 1607000 | F14: 1253000 | G14: 1058000 | H14: 960000 | I14: 910000
B15: 3500000 | C15: =B15/$A$3 -> 0.15801354 | D15: 2218000 | E15: 1600000 | F15: 1248000 | G15: 1054000 | H15: 956000 | I15: 906000
... B110: 13000000 | C110: =B110/$A$3 -> 0.58690745 | D110: 1268000 | E110: 935000 | F110: 773000 | G110: 674000 | H110: 576000 | I110: 526000
D111: 1258000 | E111: 928000 | F111: 768000 | G111: 670000 | H111: 572000 | I111: 522000
D112: 1248000 | E112: 921000 | F112: 763000 | G112: 666000 | H112: 568000 | I112: 518000
D113: 1238000 | E113: 914000 | F113: 758000 | G113: 662000 | H113: 564000 | I113: 514000
D114: 1228000 | E114: 907000 | F114: 753000 | G114: 658000 | H114: 560000 | I114: 510000
D115: 1218000 | E115: 900000 | F115: 748000 | G115: 654000 | H115: 556000 | I115: 506000
D116: 1208000 | E116: 893000 | F116: 743000 | G116: 650000 | H116: 552000 | I116: 502000
D117: 1198000 | E117: 886000 | F117: 738000 | G117: 646000 | H117: 548000 | I117: 498000
D118: 1188000 | E118: 879000 | F118: 733000 | G118: 642000 | H118: 544000 | I118: 494000
D119: 1178000 | E119: 872000 | F119: 728000 | G119: 638000 | H119: 540000 | I119: 490000
D120: 1168000 | E120: 865000 | F120: 723000 | G120: 634000 | H120: 536000 | I120: 486000

Sheet  GENIO CBS BK   
A1: GENIO CBS BK | B1: DP | C1: % DP | D1: JANGKA WAKTU
D2: 12 | E2: 18 | F2: 24 | G2: 30 | H2: 36
A3: =OTR!E37 -> 22300000 | B3: 2300000 | C3: =B3/$A$3 -> 0.10313901 | D3: 2334000 | E3: 1673000 | F3: 1315000 | G3: 1116000 | H3: 1005000
B4: 2400000 | C4: =B4/$A$3 -> 0.10762332 | D4: 2324000 | E4: 1666000 | F4: 1310000 | G4: 1112000 | H4: 1001000
B5: 2500000 | C5: =B5/$A$3 -> 0.11210762 | D5: 2314000 | E5: 1659000 | F5: 1305000 | G5: 1108000 | H5: 997000
B6: 2600000 | C6: =B6/$A$3 -> 0.11659193 | D6: 2304000 | E6: 1652000 | F6: 1300000 | G6: 1104000 | H6: 993000
B7: 2700000 | C7: =B7/$A$3 -> 0.12107623 | D7: 2294000 | E7: 1645000 | F7: 1295000 | G7: 1100000 | H7: 989000
B8: 2800000 | C8: =B8/$A$3 -> 0.12556054 | D8: 2284000 | E8: 1638000 | F8: 1290000 | G8: 1096000 | H8: 985000
B9: 2900000 | C9: =B9/$A$3 -> 0.13004484 | D9: 2274000 | E9: 1631000 | F9: 1285000 | G9: 1092000 | H9: 981000
B10: 3000000 | C10: =B10/$A$3 -> 0.13452915 | D10: 2264000 | E10: 1624000 | F10: 1280000 | G10: 1088000 | H10: 977000
B11: 3100000 | C11: =B11/$A$3 -> 0.13901345 | D11: 2254000 | E11: 1617000 | F11: 1275000 | G11: 1084000 | H11: 973000
B12: 3200000 | C12: =B12/$A$3 -> 0.14349776 | D12: 2244000 | E12: 1610000 | F12: 1270000 | G12: 1080000 | H12: 969000
B13: 3300000 | C13: =B13/$A$3 -> 0.14798206 | D13: 2234000 | E13: 1603000 | F13: 1265000 | G13: 1076000 | H13: 965000
B14: 3400000 | C14: =B14/$A$3 -> 0.15246637 | D14: 2224000 | E14: 1596000 | F14: 1260000 | G14: 1072000 | H14: 961000
B15: 3500000 | C15: =B15/$A$3 -> 0.15695067 | D15: 2214000 | E15: 1589000 | F15: 1255000 | G15: 1068000 | H15: 957000
... B66: 8600000 | C66: =B66/$A$3 -> 0.38565022 | D66: 1704000 | E66: 1232000 | F66: 1000000 | G66: 864000 | H66: 753000
D67: 1694000 | E67: 1225000 | F67: 995000 | G67: 860000 | H67: 749000
D68: 1684000 | E68: 1218000 | F68: 990000 | G68: 856000 | H68: 745000
D69: 1674000 | E69: 1211000 | F69: 985000 | G69: 852000 | H69: 741000
D70: 1664000 | E70: 1204000 | F70: 980000 | G70: 848000 | H70: 737000
D71: 1654000 | E71: 1197000 | F71: 975000 | G71: 844000 | H71: 733000
D72: 1644000 | E72: 1190000 | F72: 970000 | G72: 840000 | H72: 729000
D73: 1634000 | E73: 1183000 | F73: 965000 | G73: 836000 | H73: 725000
D74: 1624000 | E74: 1176000 | F74: 960000 | G74: 832000 | H74: 721000
D75: 1614000 | E75: 1169000 | F75: 955000 | G75: 828000 | H75: 717000
D76: 1604000 | E76: 1162000 | F76: 950000 | G76: 824000 | H76: 713000
D77: 1594000 | E77: 1155000 | F77: 945000 | G77: 820000 | H77: 709000
D78: 1584000 | E78: 1148000 | F78: 940000 | G78: 816000 | H78: 705000
... D83: 1534000 | E83: 1113000 | F83: 915000 | G83: 796000 | H83: 685000

Sheet GENIO CBS PH & PD
A1: GENIO CBS PH & PD | B1: DP | C1: % DP | D1: JANGKA WAKTU
D2: 12 | E2: 18 | F2: 24 | G2: 30 | H2: 36
A3: =OTR!E38 -> 22500000 | B3: 2300000 | C3: =B3/$A$3 -> 0.10222222 | D3: 2354000 | E3: 1687000 | F3: 1325000 | G3: 1124000 | H3: 1013000
B4: 2400000 | C4: =B4/$A$3 -> 0.10666667 | D4: 2344000 | E4: 1680000 | F4: 1320000 | G4: 1120000 | H4: 1009000
B5: 2500000 | C5: =B5/$A$3 -> 0.11111111 | D5: 2334000 | E5: 1673000 | F5: 1315000 | G5: 1116000 | H5: 1005000
B6: 2600000 | C6: =B6/$A$3 -> 0.11555556 | D6: 2324000 | E6: 1666000 | F6: 1310000 | G6: 1112000 | H6: 1001000
B7: 2700000 | C7: =B7/$A$3 -> 0.12 | D7: 2314000 | E7: 1659000 | F7: 1305000 | G7: 1108000 | H7: 997000
B8: 2800000 | C8: =B8/$A$3 -> 0.12444444 | D8: 2304000 | E8: 1652000 | F8: 1300000 | G8: 1104000 | H8: 993000
B9: 2900000 | C9: =B9/$A$3 -> 0.12888889 | D9: 2294000 | E9: 1645000 | F9: 1295000 | G9: 1100000 | H9: 989000
B10: 3000000 | C10: =B10/$A$3 -> 0.13333333 | D10: 2284000 | E10: 1638000 | F10: 1290000 | G10: 1096000 | H10: 985000
B11: 3100000 | C11: =B11/$A$3 -> 0.13777778 | D11: 2274000 | E11: 1631000 | F11: 1285000 | G11: 1092000 | H11: 981000
B12: 3200000 | C12: =B12/$A$3 -> 0.14222222 | D12: 2264000 | E12: 1624000 | F12: 1280000 | G12: 1088000 | H12: 977000
B13: 3300000 | C13: =B13/$A$3 -> 0.14666667 | D13: 2254000 | E13: 1617000 | F13: 1275000 | G13: 1084000 | H13: 973000
B14: 3400000 | C14: =B14/$A$3 -> 0.15111111 | D14: 2244000 | E14: 1610000 | F14: 1270000 | G14: 1080000 | H14: 969000
B15: 3500000 | C15: =B15/$A$3 -> 0.15555556 | D15: 2234000 | E15: 1603000 | F15: 1265000 | G15: 1076000 | H15: 965000
... B78: 9800000 | C78: =B78/$A$3 -> 0.43555556 | D78: 1604000 | E78: 1162000 | F78: 950000 | G78: 824000 | H78: 713000
D79: 1594000 | E79: 1155000 | F79: 945000 | G79: 820000 | H79: 709000
D80: 1584000 | E80: 1148000 | F80: 940000 | G80: 816000 | H80: 705000
D81: 1574000 | E81: 1141000 | F81: 935000 | G81: 812000 | H81: 701000
D82: 1564000 | E82: 1134000 | F82: 930000 | G82: 808000 | H82: 697000
D83: 1554000 | E83: 1127000 | F83: 925000 | G83: 804000 | H83: 693000
D84: 1544000 | E84: 1120000 | F84: 920000 | G84: 800000 | H84: 689000
D85: 1534000 | E85: 1113000 | F85: 915000 | G85: 796000 | H85: 685000

Sheet  GENIO ISS  
A1: GENIO ISS | B1: DP | C1: % DP | D1: JANGKA WAKTU
D2: 12 | E2: 18 | F2: 24 | G2: 30 | H2: 36
A3: =OTR!E39 -> 22850000 | B3: 2300000 | C3: =B3/$A$3 -> 0.10065646 | D3: 2395000 | E3: 1718000 | F3: 1348000 | G3: 1143000 | H3: 1030000
B4: 2400000 | C4: =B4/$A$3 -> 0.10503282 | D4: 2385000 | E4: 1711000 | F4: 1343000 | G4: 1139000 | H4: 1026000
B5: 2500000 | C5: =B5/$A$3 -> 0.10940919 | D5: 2375000 | E5: 1704000 | F5: 1338000 | G5: 1135000 | H5: 1022000
B6: 2600000 | C6: =B6/$A$3 -> 0.11378556 | D6: 2365000 | E6: 1697000 | F6: 1333000 | G6: 1131000 | H6: 1018000
B7: 2700000 | C7: =B7/$A$3 -> 0.11816193 | D7: 2355000 | E7: 1690000 | F7: 1328000 | G7: 1127000 | H7: 1014000
B8: 2800000 | C8: =B8/$A$3 -> 0.12253829 | D8: 2345000 | E8: 1683000 | F8: 1323000 | G8: 1123000 | H8: 1010000
B9: 2900000 | C9: =B9/$A$3 -> 0.12691466 | D9: 2335000 | E9: 1676000 | F9: 1318000 | G9: 1119000 | H9: 1006000
B10: 3000000 | C10: =B10/$A$3 -> 0.13129103 | D10: 2325000 | E10: 1669000 | F10: 1313000 | G10: 1115000 | H10: 1002000
B11: 3100000 | C11: =B11/$A$3 -> 0.1356674 | D11: 2315000 | E11: 1662000 | F11: 1308000 | G11: 1111000 | H11: 998000
B12: 3200000 | C12: =B12/$A$3 -> 0.14004376 | D12: 2305000 | E12: 1655000 | F12: 1303000 | G12: 1107000 | H12: 994000
B13: 3300000 | C13: =B13/$A$3 -> 0.14442013 | D13: 2295000 | E13: 1648000 | F13: 1298000 | G13: 1103000 | H13: 990000
B14: 3400000 | C14: =B14/$A$3 -> 0.1487965 | D14: 2285000 | E14: 1641000 | F14: 1293000 | G14: 1099000 | H14: 986000
B15: 3500000 | C15: =B15/$A$3 -> 0.15317287 | D15: 2275000 | E15: 1634000 | F15: 1288000 | G15: 1095000 | H15: 982000
... B69: 8900000 | C69: =B69/$A$3 -> 0.38949672 | D69: 1735000 | E69: 1256000 | F69: 1018000 | G69: 879000 | H69: 766000
D70: 1725000 | E70: 1249000 | F70: 1013000 | G70: 875000 | H70: 762000
D71: 1715000 | E71: 1242000 | F71: 1008000 | G71: 871000 | H71: 758000
D72: 1705000 | E72: 1235000 | F72: 1003000 | G72: 867000 | H72: 754000
D73: 1695000 | E73: 1228000 | F73: 998000 | G73: 863000 | H73: 750000
D74: 1685000 | E74: 1221000 | F74: 993000 | G74: 859000 | H74: 746000
D75: 1675000 | E75: 1214000 | F75: 988000 | G75: 855000 | H75: 742000
D76: 1665000 | E76: 1207000 | F76: 983000 | G76: 851000 | H76: 738000
D77: 1655000 | E77: 1200000 | F77: 978000 | G77: 847000 | H77: 734000
D78: 1645000 | E78: 1193000 | F78: 973000 | G78: 843000 | H78: 730000
D79: 1635000 | E79: 1186000 | F79: 968000 | G79: 839000 | H79: 726000
D80: 1625000 | E80: 1179000 | F80: 963000 | G80: 835000 | H80: 722000
D81: 1615000 | E81: 1172000 | F81: 958000 | G81: 831000 | H81: 718000
... D86: 1565000 | E86: 1137000 | F86: 933000 | G86: 811000 | H86: 698000

Sheet OLD SCOOPY SPORTY & FASHION
A1: SCOOPY SPORTY FASHION | B1: DP | C1: % DP | D1: JANGKA WAKTU
D2: 12 | E2: 18 | F2: 24 | G2: 30 | H2: 36
A3: =OTR!E46 -> 24825000 | B3: 1500000 | C3: =B3/$A$3 -> 0.060422961 | D3: 2517000 | E3: 1822000 | F3: 1422000 | G3: 1210000 | H3: 1090000
B4: 1600000 | C4: =B4/$A$3 -> 0.064451158 | D4: 2507000 | E4: 1815000 | F4: 1417000 | G4: 1206000 | H4: 1086000
B5: 1700000 | C5: =B5/$A$3 -> 0.068479355 | D5: 2497000 | E5: 1808000 | F5: 1412000 | G5: 1202000 | H5: 1082000
B6: 1800000 | C6: =B6/$A$3 -> 0.072507553 | D6: 2487000 | E6: 1801000 | F6: 1407000 | G6: 1198000 | H6: 1078000
B7: 1900000 | C7: =B7/$A$3 -> 0.07653575 | D7: 2477000 | E7: 1794000 | F7: 1402000 | G7: 1194000 | H7: 1074000
B8: 2000000 | C8: =B8/$A$3 -> 0.080563948 | D8: 2467000 | E8: 1787000 | F8: 1397000 | G8: 1190000 | H8: 1070000
B9: 2100000 | C9: =B9/$A$3 -> 0.084592145 | D9: 2457000 | E9: 1780000 | F9: 1392000 | G9: 1186000 | H9: 1066000
B10: 2200000 | C10: =B10/$A$3 -> 0.088620342 | D10: 2447000 | E10: 1773000 | F10: 1387000 | G10: 1182000 | H10: 1062000
B11: 2300000 | C11: =B11/$A$3 -> 0.09264854 | D11: 2437000 | E11: 1766000 | F11: 1382000 | G11: 1178000 | H11: 1058000
B12: 2400000 | C12: =B12/$A$3 -> 0.096676737 | D12: 2427000 | E12: 1759000 | F12: 1377000 | G12: 1174000 | H12: 1054000
B13: 2500000 | C13: =B13/$A$3 -> 0.10070493 | D13: 2417000 | E13: 1752000 | F13: 1372000 | G13: 1170000 | H13: 1050000
B14: 2600000 | C14: =B14/$A$3 -> 0.10473313 | D14: 2407000 | E14: 1745000 | F14: 1367000 | G14: 1166000 | H14: 1046000
B15: 2700000 | C15: =B15/$A$3 -> 0.10876133 | D15: 2397000 | E15: 1738000 | F15: 1362000 | G15: 1162000 | H15: 1042000
... B85: 9700000 | C85: =B85/$A$3 -> 0.39073515 | D85: 1697000 | E85: 1248000 | F85: 1012000 | G85: 882000 | H85: 762000
D86: 1687000 | E86: 1241000 | F86: 1007000 | G86: 878000 | H86: 758000
D87: 1677000 | E87: 1234000 | F87: 1002000 | G87: 874000 | H87: 754000

Sheet SCOOPY FASHION 
A1: SCOOPY FASHION | B1: DP | C1: % DP | D1: JANGKA WAKTU
D2: 12 | E2: 18 | F2: 24 | G2: 30 | H2: 36
A3: =OTR!E47 -> 24825000 | B3: 2000000 | C3: =B3/$A$3 -> 0.080563948 | D3: 2251000 | E3: 1629000 | F3: 1280000 | G3: 1094000 | H3: 975000
B4: 2100000 | C4: =B4/$A$3 -> 0.084592145 | D4: 2241000 | E4: 1622000 | F4: 1275000 | G4: 1090000 | H4: 971000
B5: 2200000 | C5: =B5/$A$3 -> 0.088620342 | D5: 2231000 | E5: 1615000 | F5: 1270000 | G5: 1086000 | H5: 967000
B6: 2300000 | C6: =B6/$A$3 -> 0.09264854 | D6: 2221000 | E6: 1608000 | F6: 1265000 | G6: 1082000 | H6: 963000
B7: 2400000 | C7: =B7/$A$3 -> 0.096676737 | D7: 2211000 | E7: 1601000 | F7: 1260000 | G7: 1078000 | H7: 959000
B8: 2500000 | C8: =B8/$A$3 -> 0.10070493 | D8: 2201000 | E8: 1594000 | F8: 1255000 | G8: 1074000 | H8: 955000
B9: 2600000 | C9: =B9/$A$3 -> 0.10473313 | D9: 2191000 | E9: 1587000 | F9: 1250000 | G9: 1070000 | H9: 951000
B10: 2700000 | C10: =B10/$A$3 -> 0.10876133 | D10: 2181000 | E10: 1580000 | F10: 1245000 | G10: 1066000 | H10: 947000
B11: 2800000 | C11: =B11/$A$3 -> 0.11278953 | D11: 2171000 | E11: 1573000 | F11: 1240000 | G11: 1062000 | H11: 943000
B12: 2900000 | C12: =B12/$A$3 -> 0.11681772 | D12: 2161000 | E12: 1566000 | F12: 1234000 | G12: 1058000 | H12: 939000
B13: 3000000 | C13: =B13/$A$3 -> 0.12084592 | D13: 2151000 | E13: 1559000 | F13: 1229000 | G13: 1053000 | H13: 934000
B14: 3100000 | C14: =B14/$A$3 -> 0.12487412 | D14: 2141000 | E14: 1552000 | F14: 1223000 | G14: 1048000 | H14: 930000
B15: 3200000 | C15: =B15/$A$3 -> 0.12890232 | D15: 2131000 | E15: 1545000 | F15: 1218000 | G15: 1043000 | H15: 926000
... B57: 7400000 | C57: =B57/$A$3 -> 0.29808661 | D57: 1699000 | E57: 1241000 | F57: 977000 | G57: 840000 | H57: 748000
B58: 7500000 | D58: 1689000 | E58: 1234000 | F58: 971000 | G58: 835000 | H58: 744000
B59: 7600000 | D59: 1679000 | E59: 1227000 | F59: 965000 | G59: 830000 | H59: 740000
B60: 7700000 | D60: 1669000 | E60: 1220000 | F60: 960000 | G60: 826000 | H60: 736000
B61: 7800000 | D61: 1659000 | E61: 1213000 | F61: 954000 | G61: 821000 | H61: 732000
B62: 7900000 | D62: 1649000 | E62: 1206000 | F62: 949000 | G62: 816000 | H62: 728000
B63: 8000000 | D63: 1639000 | E63: 1198000 | F63: 943000 | G63: 812000 | H63: 724000
B64: 8100000 | D64: 1629000 | E64: 1191000 | F64: 938000 | G64: 807000 | H64: 719000
B65: 8200000 | D65: 1619000 | E65: 1184000 | F65: 932000 | G65: 802000 | H65: 715000
B66: 8300000 | D66: 1609000 | E66: 1177000 | F66: 926000 | G66: 797000 | H66: 711000
B67: 8400000 | D67: 1599000 | E67: 1170000 | F67: 921000 | G67: 793000 | H67: 707000
B68: 8500000 | D68: 1589000 | E68: 1163000 | F68: 915000 | G68: 788000 | H68: 703000
B69: 8600000 | D69: 1579000 | E69: 1156000 | F69: 910000 | G69: 783000 | H69: 699000
... B91: 10800000 | D91: 1358000 | E91: 1001000 | F91: 787000 | G91: 679000 | H91: 608000
D92: 1348000 | E92: 994000 | F92: 781000 | G92: 675000 | H92: 604000
D93: 1338000 | E93: 986000 | F93: 775000 | G93: 670000 | H93: 599000
D94: 1328000 | E94: 979000 | F94: 770000 | G94: 665000 | H94: 595000
D95: 1318000 | E95: 972000 | F95: 764000 | G95: 660000 | H95: 591000

Sheet Sheet2

Sheet OLD SCOOPY STYLISH & PRESTIGE
A1: SCOOPY STYLISH PRESTIGE | B1: DP | C1: % DP | D1: JANGKA WAKTU
D2: 12 | E2: 18 | F2: 24 | G2: 30 | H2: 36
A3: =OTR!E48 -> 25675000 | B3: 2000000 | C3: =B3/$A$3 -> 0.077896787 | D3: 2562000 | E3: 1878000 | F3: 1445000 | G3: 1227000 | H3: 1108000
B4: 2100000 | C4: =B4/$A$3 -> 0.081791626 | D4: 2552000 | E4: 1871000 | F4: 1440000 | G4: 1223000 | H4: 1104000
B5: 2200000 | C5: =B5/$A$3 -> 0.085686465 | D5: 2542000 | E5: 1864000 | F5: 1435000 | G5: 1219000 | H5: 1100000
B6: 2300000 | C6: =B6/$A$3 -> 0.089581305 | D6: 2532000 | E6: 1857000 | F6: 1430000 | G6: 1215000 | H6: 1096000
B7: 2400000 | C7: =B7/$A$3 -> 0.093476144 | D7: 2522000 | E7: 1850000 | F7: 1425000 | G7: 1211000 | H7: 1092000
B8: 2500000 | C8: =B8/$A$3 -> 0.097370983 | D8: 2512000 | E8: 1843000 | F8: 1420000 | G8: 1207000 | H8: 1088000
B9: 2600000 | C9: =B9/$A$3 -> 0.10126582 | D9: 2502000 | E9: 1836000 | F9: 1415000 | G9: 1203000 | H9: 1084000
B10: 2700000 | C10: =B10/$A$3 -> 0.10516066 | D10: 2492000 | E10: 1829000 | F10: 1410000 | G10: 1199000 | H10: 1080000
B11: 2800000 | C11: =B11/$A$3 -> 0.1090555 | D11: 2482000 | E11: 1822000 | F11: 1405000 | G11: 1195000 | H11: 1076000
B12: 2900000 | C12: =B12/$A$3 -> 0.11295034 | D12: 2472000 | E12: 1815000 | F12: 1400000 | G12: 1191000 | H12: 1072000
B13: 3000000 | C13: =B13/$A$3 -> 0.11684518 | D13: 2462000 | E13: 1808000 | F13: 1395000 | G13: 1187000 | H13: 1068000
B14: 3100000 | C14: =B14/$A$3 -> 0.12074002 | D14: 2452000 | E14: 1801000 | F14: 1390000 | G14: 1183000 | H14: 1064000
B15: 3200000 | C15: =B15/$A$3 -> 0.12463486 | D15: 2442000 | E15: 1794000 | F15: 1385000 | G15: 1179000 | H15: 1060000
... B83: 10000000 | C83: =B83/$A$3 -> 0.38948393 | D83: 1762000 | E83: 1318000 | F83: 1045000 | G83: 907000 | H83: 788000
D84: 1752000 | E84: 1311000 | F84: 1040000 | G84: 903000 | H84: 784000
D85: 1742000 | E85: 1304000 | F85: 1035000 | G85: 899000 | H85: 780000

Sheet OLD SCOOPY ENERGETIC
A1: OLD SCOOPY ENERGETIC | B1: DP | C1: % DP | D1: JANGKA WAKTU
D2: 12 | E2: 18 | F2: 24 | G2: 30 | H2: 36 | I2: 42
A3: =OTR!E46 -> 24825000 | B3: 2500000 | C3: =B3/$A$3 -> 0.10070493 | D3: 2522000 | E3: 1826000 | F3: 1425000 | G3: 1212000 | H3: 1092000 | I3: 1042000
B4: 2600000 | C4: =B4/$A$3 -> 0.10473313 | D4: 2512000 | E4: 1819000 | F4: 1420000 | G4: 1208000 | H4: 1088000 | I4: 1038000
B5: 2700000 | C5: =B5/$A$3 -> 0.10876133 | D5: 2502000 | E5: 1812000 | F5: 1415000 | G5: 1204000 | H5: 1084000 | I5: 1034000
B6: 2800000 | C6: =B6/$A$3 -> 0.11278953 | D6: 2492000 | E6: 1805000 | F6: 1410000 | G6: 1200000 | H6: 1080000 | I6: 1030000
B7: 2900000 | C7: =B7/$A$3 -> 0.11681772 | D7: 2482000 | E7: 1798000 | F7: 1405000 | G7: 1196000 | H7: 1076000 | I7: 1026000
B8: 3000000 | C8: =B8/$A$3 -> 0.12084592 | D8: 2472000 | E8: 1791000 | F8: 1400000 | G8: 1192000 | H8: 1072000 | I8: 1022000
B9: 3100000 | C9: =B9/$A$3 -> 0.12487412 | D9: 2462000 | E9: 1784000 | F9: 1395000 | G9: 1188000 | H9: 1068000 | I9: 1018000
B10: 3200000 | C10: =B10/$A$3 -> 0.12890232 | D10: 2452000 | E10: 1777000 | F10: 1390000 | G10: 1184000 | H10: 1064000 | I10: 1014000
B11: 3300000 | C11: =B11/$A$3 -> 0.13293051 | D11: 2442000 | E11: 1770000 | F11: 1385000 | G11: 1180000 | H11: 1060000 | I11: 1010000
B12: 3400000 | C12: =B12/$A$3 -> 0.13695871 | D12: 2432000 | E12: 1763000 | F12: 1380000 | G12: 1176000 | H12: 1056000 | I12: 1006000
B13: 3500000 | C13: =B13/$A$3 -> 0.14098691 | D13: 2422000 | E13: 1756000 | F13: 1375000 | G13: 1172000 | H13: 1052000 | I13: 1002000
B14: 3600000 | C14: =B14/$A$3 -> 0.14501511 | D14: 2412000 | E14: 1749000 | F14: 1370000 | G14: 1168000 | H14: 1048000 | I14: 998000
B15: 3700000 | C15: =B15/$A$3 -> 0.1490433 | D15: 2402000 | E15: 1742000 | F15: 1365000 | G15: 1164000 | H15: 1044000 | I15: 994000
... B125: 14700000 | C125: =B125/$A$3 -> 0.59214502 | D125: 1302000 | E125: 972000 | F125: 815000 | G125: 724000 | H125: 604000 | I125: 554000
D126: 1292000 | E126: 965000 | F126: 810000 | G126: 720000 | H126: 600000 | I126: 550000
D127: 1282000 | E127: 958000 | F127: 805000 | G127: 716000 | H127: 596000 | I127: 546000
D128: 1272000 | E128: 951000 | F128: 800000 | G128: 712000 | H128: 592000 | I128: 542000
D129: 1262000 | E129: 944000 | F129: 795000 | G129: 708000 | H129: 588000 | I129: 538000

Sheet NEW SCOOPY FASHION
A1: NEW SCOOPY FASHION | B1: DP | C1: % DP | D1: JANGKA WAKTU
D2: 12 | E2: 18 | F2: 24 | G2: 30 | H2: 36 | I2: 42
A3: =OTR!E46 -> 24825000 | B3: 2500000 | C3: =B3/$A$3 -> 0.10070493 | D3: 2572000 | E3: 1861000 | F3: 1450000 | G3: 1232000 | H3: 1112000 | I3: 1062000
B4: 2600000 | C4: =B4/$A$3 -> 0.10473313 | D4: 2562000 | E4: 1854000 | F4: 1445000 | G4: 1228000 | H4: 1108000 | I4: 1058000
B5: 2700000 | C5: =B5/$A$3 -> 0.10876133 | D5: 2552000 | E5: 1847000 | F5: 1440000 | G5: 1224000 | H5: 1104000 | I5: 1054000
B6: 2800000 | C6: =B6/$A$3 -> 0.11278953 | D6: 2542000 | E6: 1840000 | F6: 1435000 | G6: 1220000 | H6: 1100000 | I6: 1050000
B7: 2900000 | C7: =B7/$A$3 -> 0.11681772 | D7: 2532000 | E7: 1833000 | F7: 1430000 | G7: 1216000 | H7: 1096000 | I7: 1046000
B8: 3000000 | C8: =B8/$A$3 -> 0.12084592 | D8: 2522000 | E8: 1826000 | F8: 1425000 | G8: 1212000 | H8: 1092000 | I8: 1042000
B9: 3100000 | C9: =B9/$A$3 -> 0.12487412 | D9: 2512000 | E9: 1819000 | F9: 1420000 | G9: 1208000 | H9: 1088000 | I9: 1038000
B10: 3200000 | C10: =B10/$A$3 -> 0.12890232 | D10: 2502000 | E10: 1812000 | F10: 1415000 | G10: 1204000 | H10: 1084000 | I10: 1034000
B11: 3300000 | C11: =B11/$A$3 -> 0.13293051 | D11: 2492000 | E11: 1805000 | F11: 1410000 | G11: 1200000 | H11: 1080000 | I11: 1030000
B12: 3400000 | C12: =B12/$A$3 -> 0.13695871 | D12: 2482000 | E12: 1798000 | F12: 1405000 | G12: 1196000 | H12: 1076000 | I12: 1026000
B13: 3500000 | C13: =B13/$A$3 -> 0.14098691 | D13: 2472000 | E13: 1791000 | F13: 1400000 | G13: 1192000 | H13: 1072000 | I13: 1022000
B14: 3600000 | C14: =B14/$A$3 -> 0.14501511 | D14: 2462000 | E14: 1784000 | F14: 1395000 | G14: 1188000 | H14: 1068000 | I14: 1018000
B15: 3700000 | C15: =B15/$A$3 -> 0.1490433 | D15: 2452000 | E15: 1777000 | F15: 1390000 | G15: 1184000 | H15: 1064000 | I15: 1014000
... B125: 14700000 | C125: =B125/$A$3 -> 0.59214502 | D125: 1352000 | E125: 1007000 | F125: 840000 | G125: 744000 | H125: 624000 | I125: 574000
D126: 1342000 | E126: 1000000 | F126: 835000 | G126: 740000 | H126: 620000 | I126: 570000
D127: 1332000 | E127: 993000 | F127: 830000 | G127: 736000 | H127: 616000 | I127: 566000
D128: 1322000 | E128: 986000 | F128: 825000 | G128: 732000 | H128: 612000 | I128: 562000
D129: 1312000 | E129: 979000 | F129: 820000 | G129: 728000 | H129: 608000 | I129: 558000
D130: 1302000 | E130: 972000 | F130: 815000 | G130: 724000 | H130: 604000 | I130: 554000
D131: 1292000 | E131: 965000 | F131: 810000 | G131: 720000 | H131: 600000 | I131: 550000
D132: 1282000 | E132: 958000 | F132: 805000 | G132: 716000 | H132: 596000 | I132: 546000
D133: 1272000 | E133: 951000 | F133: 800000 | G133: 712000 | H133: 592000 | I133: 542000
D134: 1262000 | E134: 944000 | F134: 795000 | G134: 708000 | H134: 588000 | I134: 538000

Sheet NEW SCOOPY STYLISH-PRESTIGE
A1: NEW SCOOPY STYLISH PRESTIGE | B1: DP | C1: % DP | D1: JANGKA WAKTU
D2: 12 | E2: 18 | F2: 24 | G2: 30 | H2: 36 | I2: 42
A3: =OTR!E48 -> 25675000 | B3: 2600000 | C3: =B3/$A$3 -> 0.10126582 | D3: 2657000 | E3: 1945000 | F3: 1493000 | G3: 1265000 | H3: 1146000 | I3: 1096000
B4: 2700000 | C4: =B4/$A$3 -> 0.10516066 | D4: 2647000 | E4: 1938000 | F4: 1488000 | G4: 1261000 | H4: 1142000 | I4: 1092000
B5: 2800000 | C5: =B5/$A$3 -> 0.1090555 | D5: 2637000 | E5: 1931000 | F5: 1483000 | G5: 1257000 | H5: 1138000 | I5: 1088000
B6: 2900000 | C6: =B6/$A$3 -> 0.11295034 | D6: 2627000 | E6: 1924000 | F6: 1478000 | G6: 1253000 | H6: 1134000 | I6: 1084000
B7: 3000000 | C7: =B7/$A$3 -> 0.11684518 | D7: 2617000 | E7: 1917000 | F7: 1473000 | G7: 1249000 | H7: 1130000 | I7: 1080000
B8: 3100000 | C8: =B8/$A$3 -> 0.12074002 | D8: 2607000 | E8: 1910000 | F8: 1468000 | G8: 1245000 | H8: 1126000 | I8: 1076000
B9: 3200000 | C9: =B9/$A$3 -> 0.12463486 | D9: 2597000 | E9: 1903000 | F9: 1463000 | G9: 1241000 | H9: 1122000 | I9: 1072000
B10: 3300000 | C10: =B10/$A$3 -> 0.1285297 | D10: 2587000 | E10: 1896000 | F10: 1458000 | G10: 1237000 | H10: 1118000 | I10: 1068000
B11: 3400000 | C11: =B11/$A$3 -> 0.13242454 | D11: 2577000 | E11: 1889000 | F11: 1453000 | G11: 1233000 | H11: 1114000 | I11: 1064000
B12: 3500000 | C12: =B12/$A$3 -> 0.13631938 | D12: 2567000 | E12: 1882000 | F12: 1448000 | G12: 1229000 | H12: 1110000 | I12: 1060000
B13: 3600000 | C13: =B13/$A$3 -> 0.14021422 | D13: 2557000 | E13: 1875000 | F13: 1443000 | G13: 1225000 | H13: 1106000 | I13: 1056000
B14: 3700000 | C14: =B14/$A$3 -> 0.14410906 | D14: 2547000 | E14: 1868000 | F14: 1438000 | G14: 1221000 | H14: 1102000 | I14: 1052000
B15: 3800000 | C15: =B15/$A$3 -> 0.14800389 | D15: 2537000 | E15: 1861000 | F15: 1433000 | G15: 1217000 | H15: 1098000 | I15: 1048000
... B129: 15200000 | C129: =B129/$A$3 -> 0.59201558 | D129: 1397000 | E129: 1063000 | F129: 863000 | G129: 761000 | H129: 642000 | I129: 592000
D130: 1387000 | E130: 1056000 | F130: 858000 | G130: 757000 | H130: 638000 | I130: 588000
D131: 1377000 | E131: 1049000 | F131: 853000 | G131: 753000 | H131: 634000 | I131: 584000
D132: 1367000 | E132: 1042000 | F132: 848000 | G132: 749000 | H132: 630000 | I132: 580000
D133: 1357000 | E133: 1035000 | F133: 843000 | G133: 745000 | H133: 626000 | I133: 576000
D134: 1347000 | E134: 1028000 | F134: 838000 | G134: 741000 | H134: 622000 | I134: 572000
D135: 1337000 | E135: 1021000 | F135: 833000 | G135: 737000 | H135: 618000 | I135: 568000
D136: 1327000 | E136: 1014000 | F136: 828000 | G136: 733000 | H136: 614000 | I136: 564000
D137: 1317000 | E137: 1007000 | F137: 823000 | G137: 729000 | H137: 610000 | I137: 560000
D138: 1307000 | E138: 1000000 | F138: 818000 | G138: 725000 | H138: 606000 | I138: 556000

Sheet NEW SCOOPY KORUMI
A1: NEW SCOOPY KORUMI | B1: DP | C1: % DP | D1: JANGKA WAKTU
D2: 12 | E2: 18 | F2: 24 | G2: 30 | H2: 36
A3: =OTR!E117 -> 0 | B3: 2700000 | C3: =B3/$A$3 -> #DIV/0! | D3: 2697000 | E3: 1973000 | F3: 1513000 | G3: 1281000 | H3: 1162000
B4: 2800000 | C4: =B4/$A$3 -> #DIV/0! | D4: 2687000 | E4: 1966000 | F4: 1508000 | G4: 1277000 | H4: 1158000
B5: 2900000 | C5: =B5/$A$3 -> #DIV/0! | D5: 2677000 | E5: 1959000 | F5: 1503000 | G5: 1273000 | H5: 1154000
B6: 3000000 | C6: =B6/$A$3 -> #DIV/0! | D6: 2667000 | E6: 1952000 | F6: 1498000 | G6: 1269000 | H6: 1150000
B7: 3100000 | C7: =B7/$A$3 -> #DIV/0! | D7: 2657000 | E7: 1945000 | F7: 1493000 | G7: 1265000 | H7: 1146000
B8: 3200000 | C8: =B8/$A$3 -> #DIV/0! | D8: 2647000 | E8: 1938000 | F8: 1488000 | G8: 1261000 | H8: 1142000
B9: 3300000 | C9: =B9/$A$3 -> #DIV/0! | D9: 2637000 | E9: 1931000 | F9: 1483000 | G9: 1257000 | H9: 1138000
B10: 3400000 | C10: =B10/$A$3 -> #DIV/0! | D10: 2627000 | E10: 1924000 | F10: 1478000 | G10: 1253000 | H10: 1134000
B11: 3500000 | C11: =B11/$A$3 -> #DIV/0! | D11: 2617000 | E11: 1917000 | F11: 1473000 | G11: 1249000 | H11: 1130000
B12: 3600000 | C12: =B12/$A$3 -> #DIV/0! | D12: 2607000 | E12: 1910000 | F12: 1468000 | G12: 1245000 | H12: 1126000
B13: 3700000 | C13: =B13/$A$3 -> #DIV/0! | D13: 2597000 | E13: 1903000 | F13: 1463000 | G13: 1241000 | H13: 1122000
B14: 3800000 | C14: =B14/$A$3 -> #DIV/0! | D14: 2587000 | E14: 1896000 | F14: 1458000 | G14: 1237000 | H14: 1118000
B15: 3900000 | C15: =B15/$A$3 -> #DIV/0! | D15: 2577000 | E15: 1889000 | F15: 1453000 | G15: 1233000 | H15: 1114000
... B128: 15200000 | C128: =B128/$A$3 -> #DIV/0! | D128: 1447000 | E128: 1098000 | F128: 888000 | G128: 781000 | H128: 662000
D129: 1437000 | E129: 1091000 | F129: 883000 | G129: 777000 | H129: 658000
D130: 1427000 | E130: 1084000 | F130: 878000 | G130: 773000 | H130: 654000
D131: 1417000 | E131: 1077000 | F131: 873000 | G131: 769000 | H131: 650000
D132: 1407000 | E132: 1070000 | F132: 868000 | G132: 765000 | H132: 646000
D133: 1397000 | E133: 1063000 | F133: 863000 | G133: 761000 | H133: 642000
D134: 1387000 | E134: 1056000 | F134: 858000 | G134: 757000 | H134: 638000
D135: 1377000 | E135: 1049000 | F135: 853000 | G135: 753000 | H135: 634000
D136: 1367000 | E136: 1042000 | F136: 848000 | G136: 749000 | H136: 630000
D137: 1357000 | E137: 1035000 | F137: 843000 | G137: 745000 | H137: 626000
D138: 1347000 | E138: 1028000 | F138: 838000 | G138: 741000 | H138: 622000
D139: 1337000 | E139: 1021000 | F139: 833000 | G139: 737000 | H139: 618000
D140: 1327000 | E140: 1014000 | F140: 828000 | G140: 733000 | H140: 614000
... D142: 1307000 | E142: 1000000 | F142: 818000 | G142: 725000 | H142: 606000

Sheet SCOOPY STYLISH 
A1: SCOOPY STYLISH | B1: DP | C1: % DP | D1: JANGKA WAKTU
D2: 12 | E2: 18 | F2: 24 | G2: 30 | H2: 36
A3: =OTR!E49 -> 25675000 | B3: 1500000 | C3: =B3/$A$3 -> 0.05842259 | D3: 2396000 | E3: 1755000 | F3: 1353000 | G3: 1151000 | H3: 1033000
B4: 1600000 | C4: =B4/$A$3 -> 0.062317429 | D4: 2386000 | E4: 1748000 | F4: 1348000 | G4: 1147000 | H4: 1029000
B5: 1700000 | C5: =B5/$A$3 -> 0.066212269 | D5: 2376000 | E5: 1741000 | F5: 1343000 | G5: 1143000 | H5: 1025000
B6: 1800000 | C6: =B6/$A$3 -> 0.070107108 | D6: 2366000 | E6: 1734000 | F6: 1338000 | G6: 1139000 | H6: 1021000
B7: 1900000 | C7: =B7/$A$3 -> 0.074001947 | D7: 2356000 | E7: 1727000 | F7: 1333000 | G7: 1135000 | H7: 1017000
B8: 2000000 | C8: =B8/$A$3 -> 0.077896787 | D8: 2346000 | E8: 1720000 | F8: 1328000 | G8: 1131000 | H8: 1013000
B9: 2100000 | C9: =B9/$A$3 -> 0.081791626 | D9: 2336000 | E9: 1713000 | F9: 1323000 | G9: 1127000 | H9: 1009000
B10: 2200000 | C10: =B10/$A$3 -> 0.085686465 | D10: 2326000 | E10: 1706000 | F10: 1318000 | G10: 1123000 | H10: 1005000
B11: 2300000 | C11: =B11/$A$3 -> 0.089581305 | D11: 2316000 | E11: 1699000 | F11: 1313000 | G11: 1119000 | H11: 1001000
B12: 2400000 | C12: =B12/$A$3 -> 0.093476144 | D12: 2306000 | E12: 1692000 | F12: 1308000 | G12: 1115000 | H12: 997000
B13: 2500000 | C13: =B13/$A$3 -> 0.097370983 | D13: 2296000 | E13: 1685000 | F13: 1303000 | G13: 1111000 | H13: 993000
B14: 2600000 | C14: =B14/$A$3 -> 0.10126582 | D14: 2286000 | E14: 1678000 | F14: 1298000 | G14: 1107000 | H14: 989000
B15: 2700000 | C15: =B15/$A$3 -> 0.10516066 | D15: 2276000 | E15: 1671000 | F15: 1293000 | G15: 1103000 | H15: 985000
... B99: 11100000 | C99: =B99/$A$3 -> 0.43232717 | D99: 1423000 | E99: 1070000 | F99: 819000 | G99: 702000 | H99: 633000
D100: 1413000 | E100: 1063000 | F100: 813000 | G100: 697000 | H100: 629000

Sheet OLD Vario 125 CBS 
A1: OLD Vario 125 CBS | B1: DP | C1: % DP | D1: JANGKA WAKTU
D2: 12 | E2: 18 | F2: 24 | G2: 30 | H2: 36 | O2: =I3-'[1]Vario 125 CBS '!I3 -> 0
A3: =OTR!E87 -> 25725000 | B3: 2600000 | C3: =B3/$A$3 -> 0.101069 | D3: 2702000 | E3: 1923000 | F3: 1505000 | G3: 1265000 | H3: 1145000
B4: 2700000 | C4: =B4/$A$3 -> 0.10495627 | D4: 2692000 | E4: 1916000 | F4: 1500000 | G4: 1261000 | H4: 1141000
B5: 2800000 | C5: =B5/$A$3 -> 0.10884354 | D5: 2682000 | E5: 1909000 | F5: 1495000 | G5: 1257000 | H5: 1137000
B6: 2900000 | C6: =B6/$A$3 -> 0.11273081 | D6: 2672000 | E6: 1902000 | F6: 1490000 | G6: 1253000 | H6: 1133000
B7: 3000000 | C7: =B7/$A$3 -> 0.11661808 | D7: 2662000 | E7: 1895000 | F7: 1485000 | G7: 1249000 | H7: 1129000
B8: 3100000 | C8: =B8/$A$3 -> 0.12050534 | D8: 2652000 | E8: 1888000 | F8: 1480000 | G8: 1245000 | H8: 1125000
B9: 3200000 | C9: =B9/$A$3 -> 0.12439261 | D9: 2642000 | E9: 1881000 | F9: 1475000 | G9: 1241000 | H9: 1121000
B10: 3300000 | C10: =B10/$A$3 -> 0.12827988 | D10: 2632000 | E10: 1874000 | F10: 1470000 | G10: 1237000 | H10: 1117000
B11: 3400000 | C11: =B11/$A$3 -> 0.13216715 | D11: 2622000 | E11: 1867000 | F11: 1465000 | G11: 1233000 | H11: 1113000
B12: 3500000 | C12: =B12/$A$3 -> 0.13605442 | D12: 2612000 | E12: 1860000 | F12: 1460000 | G12: 1229000 | H12: 1109000
B13: 3600000 | C13: =B13/$A$3 -> 0.13994169 | D13: 2602000 | E13: 1853000 | F13: 1455000 | G13: 1225000 | H13: 1105000
B14: 3700000 | C14: =B14/$A$3 -> 0.14382896 | D14: 2592000 | E14: 1846000 | F14: 1450000 | G14: 1221000 | H14: 1101000
B15: 3800000 | C15: =B15/$A$3 -> 0.14771623 | D15: 2582000 | E15: 1839000 | F15: 1445000 | G15: 1217000 | H15: 1097000
... B127: 15000000 | C127: =B127/$A$3 -> 0.58309038 | D127: 1462000 | E127: 1055000 | F127: 885000 | G127: 769000 | H127: 649000
D128: 1452000 | E128: 1048000 | F128: 880000 | G128: 765000 | H128: 645000
D129: 1442000 | E129: 1041000 | F129: 875000 | G129: 761000 | H129: 641000
D130: 1432000 | E130: 1034000 | F130: 870000 | G130: 757000 | H130: 637000
D131: 1422000 | E131: 1027000 | F131: 865000 | G131: 753000 | H131: 633000
D132: 1412000 | E132: 1020000 | F132: 860000 | G132: 749000 | H132: 629000
D133: 1402000 | E133: 1013000 | F133: 855000 | G133: 745000 | H133: 625000
D134: 1392000 | E134: 1006000 | F134: 850000 | G134: 741000 | H134: 621000
D135: 1382000 | E135: 999000 | F135: 845000 | G135: 737000 | H135: 617000

Sheet OLD Vario 125 ISS
A1: OLD Vario 125 ISS | B1: DP | C1: % DP | D1: JANGKA WAKTU
D2: 12 | E2: 18 | F2: 24 | G2: 30 | H2: 36
A3: =OTR!E88 -> 27675000 | B3: 2800000 | C3: =B3/$A$3 -> 0.10117435 | D3: 2885000 | E3: 2065000 | F3: 1604000 | G3: 1347000 | H3: 1223000
B4: 2900000 | C4: =B4/$A$3 -> 0.10478771 | D4: 2875000 | E4: 2058000 | F4: 1599000 | G4: 1343000 | H4: 1219000
B5: 3000000 | C5: =B5/$A$3 -> 0.10840108 | D5: 2865000 | E5: 2051000 | F5: 1594000 | G5: 1339000 | H5: 1215000
B6: 3100000 | C6: =B6/$A$3 -> 0.11201445 | D6: 2855000 | E6: 2044000 | F6: 1589000 | G6: 1335000 | H6: 1211000
B7: 3200000 | C7: =B7/$A$3 -> 0.11562782 | D7: 2845000 | E7: 2037000 | F7: 1584000 | G7: 1331000 | H7: 1207000
B8: 3300000 | C8: =B8/$A$3 -> 0.11924119 | D8: 2835000 | E8: 2030000 | F8: 1579000 | G8: 1327000 | H8: 1203000
B9: 3400000 | C9: =B9/$A$3 -> 0.12285456 | D9: 2825000 | E9: 2023000 | F9: 1574000 | G9: 1323000 | H9: 1199000
B10: 3500000 | C10: =B10/$A$3 -> 0.12646793 | D10: 2815000 | E10: 2016000 | F10: 1569000 | G10: 1319000 | H10: 1195000
B11: 3600000 | C11: =B11/$A$3 -> 0.1300813 | D11: 2805000 | E11: 2009000 | F11: 1564000 | G11: 1315000 | H11: 1191000
B12: 3700000 | C12: =B12/$A$3 -> 0.13369467 | D12: 2795000 | E12: 2002000 | F12: 1559000 | G12: 1311000 | H12: 1187000
B13: 3800000 | C13: =B13/$A$3 -> 0.13730804 | D13: 2785000 | E13: 1995000 | F13: 1554000 | G13: 1307000 | H13: 1183000
B14: 3900000 | C14: =B14/$A$3 -> 0.14092141 | D14: 2775000 | E14: 1988000 | F14: 1549000 | G14: 1303000 | H14: 1179000
B15: 4000000 | C15: =B15/$A$3 -> 0.14453478 | D15: 2765000 | E15: 1981000 | F15: 1544000 | G15: 1299000 | H15: 1175000
... B137: 16200000 | C137: =B137/$A$3 -> 0.58536585 | D137: 1545000 | E137: 1127000 | F137: 934000 | G137: 811000 | H137: 687000
D138: 1535000 | E138: 1120000 | F138: 929000 | G138: 807000 | H138: 683000
D139: 1525000 | E139: 1113000 | F139: 924000 | G139: 803000 | H139: 679000
D140: 1515000 | E140: 1106000 | F140: 919000 | G140: 799000 | H140: 675000
D141: 1505000 | E141: 1099000 | F141: 914000 | G141: 795000 | H141: 671000
D142: 1495000 | E142: 1092000 | F142: 909000 | G142: 791000 | H142: 667000
D143: 1485000 | E143: 1085000 | F143: 904000 | G143: 787000 | H143: 663000
D144: 1475000 | E144: 1078000 | F144: 899000 | G144: 783000 | H144: 659000
D145: 1465000 | E145: 1071000 | F145: 894000 | G145: 779000 | H145: 655000

Sheet NEW V125 CBS
A1: NEW Vario 125 CBS | B1: DP | C1: % DP | D1: JANGKA WAKTU
D2: 12 | E2: 18 | F2: 24 | G2: 30 | H2: 36 | O2: =I3-'[1]Vario 125 CBS '!I3 -> 0
A3: =OTR!E118 -> 26000000 | B3: 2600000 | C3: =B3/$A$3 -> 0.1 | D3: 2772000 | E3: 1972000 | F3: 1540000 | G3: 1293000 | H3: 1173000
B4: 2700000 | C4: =B4/$A$3 -> 0.10384615 | D4: 2762000 | E4: 1965000 | F4: 1535000 | G4: 1289000 | H4: 1169000
B5: 2800000 | C5: =B5/$A$3 -> 0.10769231 | D5: 2752000 | E5: 1958000 | F5: 1530000 | G5: 1285000 | H5: 1165000
B6: 2900000 | C6: =B6/$A$3 -> 0.11153846 | D6: 2742000 | E6: 1951000 | F6: 1525000 | G6: 1281000 | H6: 1161000
B7: 3000000 | C7: =B7/$A$3 -> 0.11538462 | D7: 2732000 | E7: 1944000 | F7: 1520000 | G7: 1277000 | H7: 1157000
B8: 3100000 | C8: =B8/$A$3 -> 0.11923077 | D8: 2722000 | E8: 1937000 | F8: 1515000 | G8: 1273000 | H8: 1153000
B9: 3200000 | C9: =B9/$A$3 -> 0.12307692 | D9: 2712000 | E9: 1930000 | F9: 1510000 | G9: 1269000 | H9: 1149000
B10: 3300000 | C10: =B10/$A$3 -> 0.12692308 | D10: 2702000 | E10: 1923000 | F10: 1505000 | G10: 1265000 | H10: 1145000
B11: 3400000 | C11: =B11/$A$3 -> 0.13076923 | D11: 2692000 | E11: 1916000 | F11: 1500000 | G11: 1261000 | H11: 1141000
B12: 3500000 | C12: =B12/$A$3 -> 0.13461538 | D12: 2682000 | E12: 1909000 | F12: 1495000 | G12: 1257000 | H12: 1137000
B13: 3600000 | C13: =B13/$A$3 -> 0.13846154 | D13: 2672000 | E13: 1902000 | F13: 1490000 | G13: 1253000 | H13: 1133000
B14: 3700000 | C14: =B14/$A$3 -> 0.14230769 | D14: 2662000 | E14: 1895000 | F14: 1485000 | G14: 1249000 | H14: 1129000
B15: 3800000 | C15: =B15/$A$3 -> 0.14615385 | D15: 2652000 | E15: 1888000 | F15: 1480000 | G15: 1245000 | H15: 1125000
... B136: 15900000 | C136: =B136/$A$3 -> 0.61153846 | D136: 1442000 | E136: 1041000 | F136: 875000 | G136: 761000 | H136: 641000
D137: 1432000 | E137: 1034000 | F137: 870000 | G137: 757000 | H137: 637000
D138: 1422000 | E138: 1027000 | F138: 865000 | G138: 753000 | H138: 633000
D139: 1412000 | E139: 1020000 | F139: 860000 | G139: 749000 | H139: 629000
D140: 1402000 | E140: 1013000 | F140: 855000 | G140: 745000 | H140: 625000
D141: 1392000 | E141: 1006000 | F141: 850000 | G141: 741000 | H141: 621000
D142: 1382000 | E142: 999000 | F142: 845000 | G142: 737000 | H142: 617000

Sheet NEW V125 ISS
A1: NEW Vario 125 ISS | B1: DP | C1: % DP | D1: JANGKA WAKTU
D2: 12 | E2: 18 | F2: 24 | G2: 30 | H2: 36
A3: =OTR!E119 -> 27975000 | B3: 2800000 | C3: =B3/$A$3 -> 0.10008937 | D3: 2955000 | E3: 2114000 | F3: 1639000 | G3: 1375000 | H3: 1251000
B4: 2900000 | C4: =B4/$A$3 -> 0.10366399 | D4: 2945000 | E4: 2107000 | F4: 1634000 | G4: 1371000 | H4: 1247000
B5: 3000000 | C5: =B5/$A$3 -> 0.10723861 | D5: 2935000 | E5: 2100000 | F5: 1629000 | G5: 1367000 | H5: 1243000
B6: 3100000 | C6: =B6/$A$3 -> 0.11081323 | D6: 2925000 | E6: 2093000 | F6: 1624000 | G6: 1363000 | H6: 1239000
B7: 3200000 | C7: =B7/$A$3 -> 0.11438785 | D7: 2915000 | E7: 2086000 | F7: 1619000 | G7: 1359000 | H7: 1235000
B8: 3300000 | C8: =B8/$A$3 -> 0.11796247 | D8: 2905000 | E8: 2079000 | F8: 1614000 | G8: 1355000 | H8: 1231000
B9: 3400000 | C9: =B9/$A$3 -> 0.12153709 | D9: 2895000 | E9: 2072000 | F9: 1609000 | G9: 1351000 | H9: 1227000
B10: 3500000 | C10: =B10/$A$3 -> 0.12511171 | D10: 2885000 | E10: 2065000 | F10: 1604000 | G10: 1347000 | H10: 1223000
B11: 3600000 | C11: =B11/$A$3 -> 0.12868633 | D11: 2875000 | E11: 2058000 | F11: 1599000 | G11: 1343000 | H11: 1219000
B12: 3700000 | C12: =B12/$A$3 -> 0.13226095 | D12: 2865000 | E12: 2051000 | F12: 1594000 | G12: 1339000 | H12: 1215000
B13: 3800000 | C13: =B13/$A$3 -> 0.13583557 | D13: 2855000 | E13: 2044000 | F13: 1589000 | G13: 1335000 | H13: 1211000
B14: 3900000 | C14: =B14/$A$3 -> 0.13941019 | D14: 2845000 | E14: 2037000 | F14: 1584000 | G14: 1331000 | H14: 1207000
B15: 4000000 | C15: =B15/$A$3 -> 0.14298481 | D15: 2835000 | E15: 2030000 | F15: 1579000 | G15: 1327000 | H15: 1203000
... B146: 17100000 | C146: =B146/$A$3 -> 0.61126005 | D146: 1525000 | E146: 1113000 | F146: 924000 | G146: 803000 | H146: 679000
D147: 1515000 | E147: 1106000 | F147: 919000 | G147: 799000 | H147: 675000
D148: 1505000 | E148: 1099000 | F148: 914000 | G148: 795000 | H148: 671000
D149: 1495000 | E149: 1092000 | F149: 909000 | G149: 791000 | H149: 667000
D150: 1485000 | E150: 1085000 | F150: 904000 | G150: 787000 | H150: 663000
D151: 1475000 | E151: 1078000 | F151: 899000 | G151: 783000 | H151: 659000
D152: 1465000 | E152: 1071000 | F152: 894000 | G152: 779000 | H152: 655000

Sheet NEW V125 STREET
A1: NEW Vario 125 STREET | B1: DP | C1: % DP | D1: JANGKA WAKTU
D2: 12 | E2: 18 | F2: 24 | G2: 30 | H2: 36
A3: =OTR!E120 -> 28500000 | B3: 2900000 | C3: =B3/$A$3 -> 0.10175439 | D3: 3005000 | E3: 2149000 | F3: 1664000 | G3: 1395000 | H3: 1271000
B4: 3000000 | C4: =B4/$A$3 -> 0.10526316 | D4: 2995000 | E4: 2142000 | F4: 1659000 | G4: 1391000 | H4: 1267000
B5: 3100000 | C5: =B5/$A$3 -> 0.10877193 | D5: 2985000 | E5: 2135000 | F5: 1654000 | G5: 1387000 | H5: 1263000
B6: 3200000 | C6: =B6/$A$3 -> 0.1122807 | D6: 2975000 | E6: 2128000 | F6: 1649000 | G6: 1383000 | H6: 1259000
B7: 3300000 | C7: =B7/$A$3 -> 0.11578947 | D7: 2965000 | E7: 2121000 | F7: 1644000 | G7: 1379000 | H7: 1255000
B8: 3400000 | C8: =B8/$A$3 -> 0.11929825 | D8: 2955000 | E8: 2114000 | F8: 1639000 | G8: 1375000 | H8: 1251000
B9: 3500000 | C9: =B9/$A$3 -> 0.12280702 | D9: 2945000 | E9: 2107000 | F9: 1634000 | G9: 1371000 | H9: 1247000
B10: 3600000 | C10: =B10/$A$3 -> 0.12631579 | D10: 2935000 | E10: 2100000 | F10: 1629000 | G10: 1367000 | H10: 1243000
B11: 3700000 | C11: =B11/$A$3 -> 0.12982456 | D11: 2925000 | E11: 2093000 | F11: 1624000 | G11: 1363000 | H11: 1239000
B12: 3800000 | C12: =B12/$A$3 -> 0.13333333 | D12: 2915000 | E12: 2086000 | F12: 1619000 | G12: 1359000 | H12: 1235000
B13: 3900000 | C13: =B13/$A$3 -> 0.13684211 | D13: 2905000 | E13: 2079000 | F13: 1614000 | G13: 1355000 | H13: 1231000
B14: 4000000 | C14: =B14/$A$3 -> 0.14035088 | D14: 2895000 | E14: 2072000 | F14: 1609000 | G14: 1351000 | H14: 1227000
B15: 4100000 | C15: =B15/$A$3 -> 0.14385965 | D15: 2885000 | E15: 2065000 | F15: 1604000 | G15: 1347000 | H15: 1223000
... B153: 17900000 | C153: =B153/$A$3 -> 0.62807018 | D153: 1505000 | E153: 1099000 | F153: 914000 | G153: 795000 | H153: 671000
D154: 1495000 | E154: 1092000 | F154: 909000 | G154: 791000 | H154: 667000
D155: 1485000 | E155: 1085000 | F155: 904000 | G155: 787000 | H155: 663000
D156: 1475000 | E156: 1078000 | F156: 899000 | G156: 783000 | H156: 659000
D157: 1465000 | E157: 1071000 | F157: 894000 | G157: 779000 | H157: 655000

Sheet NEW V125 STREET+VISOR
A1: NEW Vario 125 STREET + VISOR | B1: DP | C1: % DP | D1: JANGKA WAKTU
D2: 12 | E2: 18 | F2: 24 | G2: 30 | H2: 36
A3: =OTR!E121 -> 28625000 | B3: 2900000 | C3: =B3/$A$3 -> 0.10131004 | D3: 3015000 | E3: 2156000 | F3: 1669000 | G3: 1399000 | H3: 1275000
B4: 3000000 | C4: =B4/$A$3 -> 0.10480349 | D4: 3005000 | E4: 2149000 | F4: 1664000 | G4: 1395000 | H4: 1271000
B5: 3100000 | C5: =B5/$A$3 -> 0.10829694 | D5: 2995000 | E5: 2142000 | F5: 1659000 | G5: 1391000 | H5: 1267000
B6: 3200000 | C6: =B6/$A$3 -> 0.11179039 | D6: 2985000 | E6: 2135000 | F6: 1654000 | G6: 1387000 | H6: 1263000
B7: 3300000 | C7: =B7/$A$3 -> 0.11528384 | D7: 2975000 | E7: 2128000 | F7: 1649000 | G7: 1383000 | H7: 1259000
B8: 3400000 | C8: =B8/$A$3 -> 0.11877729 | D8: 2965000 | E8: 2121000 | F8: 1644000 | G8: 1379000 | H8: 1255000
B9: 3500000 | C9: =B9/$A$3 -> 0.12227074 | D9: 2955000 | E9: 2114000 | F9: 1639000 | G9: 1375000 | H9: 1251000
B10: 3600000 | C10: =B10/$A$3 -> 0.12576419 | D10: 2945000 | E10: 2107000 | F10: 1634000 | G10: 1371000 | H10: 1247000
B11: 3700000 | C11: =B11/$A$3 -> 0.12925764 | D11: 2935000 | E11: 2100000 | F11: 1629000 | G11: 1367000 | H11: 1243000
B12: 3800000 | C12: =B12/$A$3 -> 0.13275109 | D12: 2925000 | E12: 2093000 | F12: 1624000 | G12: 1363000 | H12: 1239000
B13: 3900000 | C13: =B13/$A$3 -> 0.13624454 | D13: 2915000 | E13: 2086000 | F13: 1619000 | G13: 1359000 | H13: 1235000
B14: 4000000 | C14: =B14/$A$3 -> 0.13973799 | D14: 2905000 | E14: 2079000 | F14: 1614000 | G14: 1355000 | H14: 1231000
B15: 4100000 | C15: =B15/$A$3 -> 0.14323144 | D15: 2895000 | E15: 2072000 | F15: 1609000 | G15: 1351000 | H15: 1227000
... B154: 18000000 | C154: =B154/$A$3 -> 0.62882096 | D154: 1505000 | E154: 1099000 | F154: 914000 | G154: 795000 | H154: 671000
D155: 1495000 | E155: 1092000 | F155: 909000 | G155: 791000 | H155: 667000
D156: 1485000 | E156: 1085000 | F156: 904000 | G156: 787000 | H156: 663000
D157: 1475000 | E157: 1078000 | F157: 899000 | G157: 783000 | H157: 659000
D158: 1465000 | E158: 1071000 | F158: 894000 | G158: 779000 | H158: 655000

Sheet Vario 125 CBS ISS (BL)
A1: Vario 125 CBS ISS (BL) | B1: DP | C1: % DP | D1: JANGKA WAKTU
D2: 12 | E2: 18 | F2: 24 | G2: 30 | H2: 36
A3: =OTR!E73 -> 0 | B3: 2100000 | C3: =B3/$A$3 -> #DIV/0! | D3: 2360000 | E3: 1697000 | F3: 1339000 | G3: 1136000 | H3: 1015000
B4: 2200000 | C4: =B4/$A$3 -> #DIV/0! | D4: 2350000 | E4: 1690000 | F4: 1334000 | G4: 1132000 | H4: 1011000
B5: 2300000 | C5: =B5/$A$3 -> #DIV/0! | D5: 2340000 | E5: 1683000 | F5: 1329000 | G5: 1128000 | H5: 1007000
B6: 2400000 | C6: =B6/$A$3 -> #DIV/0! | D6: 2330000 | E6: 1676000 | F6: 1324000 | G6: 1124000 | H6: 1003000
B7: 2500000 | C7: =B7/$A$3 -> #DIV/0! | D7: 2320000 | E7: 1669000 | F7: 1319000 | G7: 1120000 | H7: 999000
B8: 2600000 | C8: =B8/$A$3 -> #DIV/0! | D8: 2310000 | E8: 1662000 | F8: 1314000 | G8: 1116000 | H8: 995000
B9: 2700000 | C9: =B9/$A$3 -> #DIV/0! | D9: 2300000 | E9: 1654000 | F9: 1309000 | G9: 1112000 | H9: 991000
B10: 2800000 | C10: =B10/$A$3 -> #DIV/0! | D10: 2290000 | E10: 1646000 | F10: 1304000 | G10: 1108000 | H10: 987000
B11: 2900000 | C11: =B11/$A$3 -> #DIV/0! | D11: 2280000 | E11: 1638000 | F11: 1299000 | G11: 1104000 | H11: 983000
B12: 3000000 | C12: =B12/$A$3 -> #DIV/0! | D12: 2270000 | E12: 1630000 | F12: 1294000 | G12: 1100000 | H12: 979000
B13: 3100000 | C13: =B13/$A$3 -> #DIV/0! | D13: 2260000 | E13: 1622000 | F13: 1289000 | G13: 1096000 | H13: 975000
B14: 3200000 | C14: =B14/$A$3 -> #DIV/0! | D14: 2240000 | E14: 1614000 | F14: 1284000 | G14: 1092000 | H14: 971000
B15: 3300000 | C15: =B15/$A$3 -> #DIV/0! | D15: 2229000 | E15: 1606000 | F15: 1279000 | G15: 1088000 | H15: 967000
... B57: 7500000 | C57: =B57/$A$3 -> #DIV/0! | D57: 1808000 | E57: 1270000 | F57: 1069000 | G57: 920000 | H57: 799000
B58: 7600000 | D58: 1797000 | E58: 1262000 | F58: 1064000 | G58: 916000 | H58: 795000
B59: 7700000 | D59: 1787000 | E59: 1254000 | F59: 1059000 | G59: 912000 | H59: 791000
B60: 7800000 | D60: 1777000 | E60: 1246000 | F60: 1054000 | G60: 908000 | H60: 787000
B61: 7900000 | D61: 1767000 | E61: 1238000 | F61: 1049000 | G61: 904000 | H61: 783000
B62: 8000000 | D62: 1757000 | E62: 1230000 | F62: 1044000 | G62: 900000 | H62: 779000
B63: 8100000 | D63: 1747000 | E63: 1222000 | F63: 1039000 | G63: 896000 | H63: 775000
B64: 8200000 | D64: 1737000 | E64: 1214000 | F64: 1034000 | G64: 892000 | H64: 771000
B65: 8300000 | D65: 1727000 | E65: 1206000 | F65: 1029000 | G65: 888000 | H65: 767000
B66: 8400000 | D66: 1717000 | E66: 1198000 | F66: 1024000 | G66: 884000 | H66: 763000
B67: 8500000 | D67: 1707000 | E67: 1190000 | F67: 1019000 | G67: 880000 | H67: 759000
B68: 8600000 | D68: 1697000 | E68: 1182000 | F68: 1014000 | G68: 876000 | H68: 755000
B69: 8700000 | D69: 1687000 | E69: 1174000 | F69: 1009000 | G69: 872000 | H69: 751000
... B90: 10800000 | D90: 1476000 | E90: 1006000 | F90: 904000 | G90: 788000 | H90: 667000

Sheet  OLD PCX CBS 160  
A1: PCX CBS 160 | B1: DP | C1: % DP | D1: JANGKA WAKTU
D2: 12 | E2: 18 | F2: 24 | G2: 30 | H2: 36 | I2: 48 | J2: 60
A3: =OTR!E70 -> 35125000 | B3: 3600000 | C3: =B3/$A$3 -> 0.1024911 | D3: 3533000 | E3: 2524000 | F3: 1989000 | G3: 1682000 | H3: 1516000 | I3: 1329000 | J3: 1202000
B4: 3700000 | C4: =B4/$A$3 -> 0.10533808 | D4: 3523000 | E4: 2517000 | F4: 1984000 | G4: 1678000 | H4: 1512000 | I4: 1326000 | J4: 1199000
B5: 3800000 | C5: =B5/$A$3 -> 0.10818505 | D5: 3513000 | E5: 2510000 | F5: 1979000 | G5: 1674000 | H5: 1508000 | I5: 1323000 | J5: 1196000
B6: 3900000 | C6: =B6/$A$3 -> 0.11103203 | D6: 3503000 | E6: 2503000 | F6: 1974000 | G6: 1670000 | H6: 1504000 | I6: 1320000 | J6: 1193000
B7: 4000000 | C7: =B7/$A$3 -> 0.113879 | D7: 3493000 | E7: 2496000 | F7: 1969000 | G7: 1666000 | H7: 1500000 | I7: 1317000 | J7: 1190000
B8: 4100000 | C8: =B8/$A$3 -> 0.11672598 | D8: 3483000 | E8: 2489000 | F8: 1964000 | G8: 1662000 | H8: 1496000 | I8: 1314000 | J8: 1187000
B9: 4200000 | C9: =B9/$A$3 -> 0.11957295 | D9: 3473000 | E9: 2482000 | F9: 1959000 | G9: 1658000 | H9: 1492000 | I9: 1311000 | J9: 1184000
B10: 4300000 | C10: =B10/$A$3 -> 0.12241993 | D10: 3463000 | E10: 2475000 | F10: 1954000 | G10: 1654000 | H10: 1488000 | I10: 1308000 | J10: 1181000
B11: 4400000 | C11: =B11/$A$3 -> 0.1252669 | D11: 3453000 | E11: 2468000 | F11: 1949000 | G11: 1650000 | H11: 1484000 | I11: 1305000 | J11: 1178000
B12: 4500000 | C12: =B12/$A$3 -> 0.12811388 | D12: 3443000 | E12: 2461000 | F12: 1944000 | G12: 1646000 | H12: 1480000 | I12: 1302000 | J12: 1175000
B13: 4600000 | C13: =B13/$A$3 -> 0.13096085 | D13: 3433000 | E13: 2454000 | F13: 1939000 | G13: 1642000 | H13: 1476000 | I13: 1299000 | J13: 1172000
B14: 4700000 | C14: =B14/$A$3 -> 0.13380783 | D14: 3423000 | E14: 2447000 | F14: 1934000 | G14: 1638000 | H14: 1472000 | I14: 1296000 | J14: 1169000
B15: 4800000 | C15: =B15/$A$3 -> 0.1366548 | D15: 3413000 | E15: 2440000 | F15: 1929000 | G15: 1634000 | H15: 1468000 | I15: 1293000 | J15: 1166000
... B106: 13900000 | C106: =B106/$A$3 -> 0.39572954 | D106: 2503000 | E106: 1803000 | F106: 1474000 | G106: 1270000 | H106: 1104000 | I106: 1020000 | J106: 893000
D107: 2493000 | E107: 1796000 | F107: 1469000 | G107: 1266000 | H107: 1100000 | I107: 1017000 | J107: 890000
D108: 2483000 | E108: 1789000 | F108: 1464000 | G108: 1262000 | H108: 1096000 | I108: 1014000 | J108: 887000
D109: 2473000 | E109: 1782000 | F109: 1459000 | G109: 1258000 | H109: 1092000 | I109: 1011000 | J109: 884000
D110: 2463000 | E110: 1775000 | F110: 1454000 | G110: 1254000 | H110: 1088000 | I110: 1008000 | J110: 881000
D111: 2453000 | E111: 1768000 | F111: 1449000 | G111: 1250000 | H111: 1084000 | I111: 1005000 | J111: 878000
D112: 2443000 | E112: 1761000 | F112: 1444000 | G112: 1246000 | H112: 1080000 | I112: 1002000 | J112: 875000
D113: 2433000 | E113: 1754000 | F113: 1439000 | G113: 1242000 | H113: 1076000 | I113: 999000 | J113: 872000
D114: 2423000 | E114: 1747000 | F114: 1434000 | G114: 1238000 | H114: 1072000 | I114: 996000 | J114: 869000
D115: 2413000 | E115: 1740000 | F115: 1429000 | G115: 1234000 | H115: 1068000 | I115: 993000 | J115: 866000
D116: 2403000 | E116: 1733000 | F116: 1424000 | G116: 1230000 | H116: 1064000
D117: 2393000 | E117: 1726000 | F117: 1419000 | G117: 1226000 | H117: 1060000
D118: 2383000 | E118: 1719000 | F118: 1414000 | G118: 1222000 | H118: 1056000
D119: 2373000 | E119: 1712000 | F119: 1409000 | G119: 1218000 | H119: 1052000
D120: 2363000 | E120: 1705000 | F120: 1404000 | G120: 1214000 | H120: 1048000
D121: 2353000 | E121: 1698000 | F121: 1399000 | G121: 1210000 | H121: 1044000
D122: 2343000 | E122: 1691000 | F122: 1394000 | G122: 1206000 | H122: 1040000
D123: 2333000 | E123: 1684000 | F123: 1389000 | G123: 1202000 | H123: 1036000
D124: 2323000 | E124: 1677000 | F124: 1384000 | G124: 1198000 | H124: 1032000
D125: 2313000 | E125: 1670000 | F125: 1379000 | G125: 1194000 | H125: 1028000
D126: 2303000 | E126: 1663000 | F126: 1374000 | G126: 1190000 | H126: 1024000
D127: 2293000 | E127: 1656000 | F127: 1369000 | G127: 1186000 | H127: 1020000

Sheet  OLD PCX ABS 160  
A1: PCX ABS 160 | B1: DP | C1: % DP | D1: JANGKA WAKTU
D2: 12 | E2: 18 | F2: 24 | G2: 30 | H2: 36 | I2: 48 | J2: 60
A3: =OTR!E71 -> 38725000 | B3: 3900000 | C3: =B3/$A$3 -> 0.10071014 | D3: 3905000 | E3: 2791000 | F3: 2201000 | G3: 1854000 | H3: 1672000 | I3: 1451000 | J3: 1312000
B4: 4000000 | C4: =B4/$A$3 -> 0.10329245 | D4: 3895000 | E4: 2784000 | F4: 2196000 | G4: 1850000 | H4: 1668000 | I4: 1448000 | J4: 1309000
B5: 4100000 | C5: =B5/$A$3 -> 0.10587476 | D5: 3885000 | E5: 2777000 | F5: 2191000 | G5: 1846000 | H5: 1664000 | I5: 1445000 | J5: 1306000
B6: 4200000 | C6: =B6/$A$3 -> 0.10845707 | D6: 3875000 | E6: 2770000 | F6: 2186000 | G6: 1842000 | H6: 1660000 | I6: 1442000 | J6: 1303000
B7: 4300000 | C7: =B7/$A$3 -> 0.11103938 | D7: 3865000 | E7: 2763000 | F7: 2181000 | G7: 1838000 | H7: 1656000 | I7: 1439000 | J7: 1300000
B8: 4400000 | C8: =B8/$A$3 -> 0.11362169 | D8: 3855000 | E8: 2756000 | F8: 2176000 | G8: 1834000 | H8: 1652000 | I8: 1436000 | J8: 1297000
B9: 4500000 | C9: =B9/$A$3 -> 0.116204 | D9: 3845000 | E9: 2749000 | F9: 2171000 | G9: 1830000 | H9: 1648000 | I9: 1433000 | J9: 1294000
B10: 4600000 | C10: =B10/$A$3 -> 0.11878631 | D10: 3835000 | E10: 2742000 | F10: 2166000 | G10: 1826000 | H10: 1644000 | I10: 1430000 | J10: 1291000
B11: 4700000 | C11: =B11/$A$3 -> 0.12136862 | D11: 3825000 | E11: 2735000 | F11: 2161000 | G11: 1822000 | H11: 1640000 | I11: 1427000 | J11: 1288000
B12: 4800000 | C12: =B12/$A$3 -> 0.12395094 | D12: 3815000 | E12: 2728000 | F12: 2156000 | G12: 1818000 | H12: 1636000 | I12: 1424000 | J12: 1285000
B13: 4900000 | C13: =B13/$A$3 -> 0.12653325 | D13: 3805000 | E13: 2721000 | F13: 2151000 | G13: 1814000 | H13: 1632000 | I13: 1421000 | J13: 1282000
B14: 5000000 | C14: =B14/$A$3 -> 0.12911556 | D14: 3795000 | E14: 2714000 | F14: 2146000 | G14: 1810000 | H14: 1628000 | I14: 1418000 | J14: 1279000
B15: 5100000 | C15: =B15/$A$3 -> 0.13169787 | D15: 3785000 | E15: 2707000 | F15: 2141000 | G15: 1806000 | H15: 1624000 | I15: 1415000 | J15: 1276000
... B117: 15300000 | C117: =B117/$A$3 -> 0.39509361 | D117: 2765000 | E117: 1993000 | F117: 1631000 | G117: 1398000 | H117: 1216000 | I117: 1109000 | J117: 970000
D118: 2755000 | E118: 1986000 | F118: 1626000 | G118: 1394000 | H118: 1212000 | I118: 1106000 | J118: 967000
D119: 2745000 | E119: 1979000 | F119: 1621000 | G119: 1390000 | H119: 1208000 | I119: 1103000 | J119: 964000
D120: 2735000 | E120: 1972000 | F120: 1616000 | G120: 1386000 | H120: 1204000 | I120: 1100000 | J120: 961000
D121: 2725000 | E121: 1965000 | F121: 1611000 | G121: 1382000 | H121: 1200000 | I121: 1097000 | J121: 958000
I122: 1088000 | J122: 949000
I123: 1085000 | J123: 946000
I124: 1082000 | J124: 943000
I125: 1079000 | J125: 940000

Sheet NEW PCX CBS
A1: NEW PCX CBS 160 | B1: DP | C1: % DP | D1: JANGKA WAKTU
D2: 12 | E2: 18 | F2: 24 | G2: 30 | H2: 36 | I2: 48 | J2: 60
A3: =OTR!E105 -> 35900000 | B3: 3600000 | C3: =B3/$A$3 -> 0.10027855 | D3: 3783000 | E3: 2699000 | F3: 2114000 | G3: 1782000 | H3: 1616000 | I3: 1365000 | J3: 1238000
B4: 3700000 | C4: =B4/$A$3 -> 0.10306407 | D4: 3773000 | E4: 2692000 | F4: 2109000 | G4: 1778000 | H4: 1612000 | I4: 1362000 | J4: 1235000
B5: 3800000 | C5: =B5/$A$3 -> 0.10584958 | D5: 3763000 | E5: 2685000 | F5: 2104000 | G5: 1774000 | H5: 1608000 | I5: 1359000 | J5: 1232000
B6: 3900000 | C6: =B6/$A$3 -> 0.1086351 | D6: 3753000 | E6: 2678000 | F6: 2099000 | G6: 1770000 | H6: 1604000 | I6: 1356000 | J6: 1229000
B7: 4000000 | C7: =B7/$A$3 -> 0.11142061 | D7: 3743000 | E7: 2671000 | F7: 2094000 | G7: 1766000 | H7: 1600000 | I7: 1353000 | J7: 1226000
B8: 4100000 | C8: =B8/$A$3 -> 0.11420613 | D8: 3733000 | E8: 2664000 | F8: 2089000 | G8: 1762000 | H8: 1596000 | I8: 1350000 | J8: 1223000
B9: 4200000 | C9: =B9/$A$3 -> 0.11699164 | D9: 3723000 | E9: 2657000 | F9: 2084000 | G9: 1758000 | H9: 1592000 | I9: 1347000 | J9: 1220000
B10: 4300000 | C10: =B10/$A$3 -> 0.11977716 | D10: 3713000 | E10: 2650000 | F10: 2079000 | G10: 1754000 | H10: 1588000 | I10: 1344000 | J10: 1217000
B11: 4400000 | C11: =B11/$A$3 -> 0.12256267 | D11: 3703000 | E11: 2643000 | F11: 2074000 | G11: 1750000 | H11: 1584000 | I11: 1341000 | J11: 1214000
B12: 4500000 | C12: =B12/$A$3 -> 0.12534819 | D12: 3693000 | E12: 2636000 | F12: 2069000 | G12: 1746000 | H12: 1580000 | I12: 1338000 | J12: 1211000
B13: 4600000 | C13: =B13/$A$3 -> 0.1281337 | D13: 3683000 | E13: 2629000 | F13: 2064000 | G13: 1742000 | H13: 1576000 | I13: 1335000 | J13: 1208000
B14: 4700000 | C14: =B14/$A$3 -> 0.13091922 | D14: 3673000 | E14: 2622000 | F14: 2059000 | G14: 1738000 | H14: 1572000 | I14: 1332000 | J14: 1205000
B15: 4800000 | C15: =B15/$A$3 -> 0.13370474 | D15: 3663000 | E15: 2615000 | F15: 2054000 | G15: 1734000 | H15: 1568000 | I15: 1329000 | J15: 1202000
... B106: 13900000 | C106: =B106/$A$3 -> 0.38718663 | D106: 2753000 | E106: 1978000 | F106: 1599000 | G106: 1370000 | H106: 1204000 | I106: 1056000 | J106: 929000
D107: 2743000 | E107: 1971000 | F107: 1594000 | G107: 1366000 | H107: 1200000 | I107: 1053000 | J107: 926000
D108: 2733000 | E108: 1964000 | F108: 1589000 | G108: 1362000 | H108: 1196000 | I108: 1050000 | J108: 923000
D109: 2723000 | E109: 1957000 | F109: 1584000 | G109: 1358000 | H109: 1192000 | I109: 1047000 | J109: 920000
D110: 2713000 | E110: 1950000 | F110: 1579000 | G110: 1354000 | H110: 1188000 | I110: 1044000 | J110: 917000
D111: 2703000 | E111: 1943000 | F111: 1574000 | G111: 1350000 | H111: 1184000 | I111: 1041000 | J111: 914000
D112: 2693000 | E112: 1936000 | F112: 1569000 | G112: 1346000 | H112: 1180000 | I112: 1038000 | J112: 911000
D113: 2683000 | E113: 1929000 | F113: 1564000 | G113: 1342000 | H113: 1176000 | I113: 1035000 | J113: 908000
D114: 2673000 | E114: 1922000 | F114: 1559000 | G114: 1338000 | H114: 1172000 | I114: 1032000 | J114: 905000
D115: 2663000 | E115: 1915000 | F115: 1554000 | G115: 1334000 | H115: 1168000 | I115: 1029000 | J115: 902000
D116: 2653000 | E116: 1908000 | F116: 1549000 | G116: 1330000 | H116: 1164000 | I116: 1026000 | J116: 899000
D117: 2643000 | E117: 1901000 | F117: 1544000 | G117: 1326000 | H117: 1160000 | I117: 1023000 | J117: 896000
D118: 2633000 | E118: 1894000 | F118: 1539000 | G118: 1322000 | H118: 1156000 | I118: 1020000 | J118: 893000
... D152: 2293000 | E152: 1656000 | F152: 1369000 | G152: 1186000 | H152: 1020000 | I152: 918000 | J152: 791000

Sheet NEW PCX ABS
A1: NEW PCX ABS 160 | B1: DP | C1: % DP | D1: JANGKA WAKTU
D2: 12 | E2: 18 | F2: 24 | G2: 30 | H2: 36 | I2: 48 | J2: 60
A3: =OTR!E106 -> 39875000 | B3: 4000000 | C3: =B3/$A$3 -> 0.10031348 | D3: 4195000 | E3: 2994000 | F3: 2346000 | G3: 1970000 | H3: 1788000 | I3: 1484000 | J3: 1345000
B4: 4100000 | C4: =B4/$A$3 -> 0.10282132 | D4: 4185000 | E4: 2987000 | F4: 2341000 | G4: 1966000 | H4: 1784000 | I4: 1481000 | J4: 1342000
B5: 4200000 | C5: =B5/$A$3 -> 0.10532915 | D5: 4175000 | E5: 2980000 | F5: 2336000 | G5: 1962000 | H5: 1780000 | I5: 1478000 | J5: 1339000
B6: 4300000 | C6: =B6/$A$3 -> 0.10783699 | D6: 4165000 | E6: 2973000 | F6: 2331000 | G6: 1958000 | H6: 1776000 | I6: 1475000 | J6: 1336000
B7: 4400000 | C7: =B7/$A$3 -> 0.11034483 | D7: 4155000 | E7: 2966000 | F7: 2326000 | G7: 1954000 | H7: 1772000 | I7: 1472000 | J7: 1333000
B8: 4500000 | C8: =B8/$A$3 -> 0.11285266 | D8: 4145000 | E8: 2959000 | F8: 2321000 | G8: 1950000 | H8: 1768000 | I8: 1469000 | J8: 1330000
B9: 4600000 | C9: =B9/$A$3 -> 0.1153605 | D9: 4135000 | E9: 2952000 | F9: 2316000 | G9: 1946000 | H9: 1764000 | I9: 1466000 | J9: 1327000
B10: 4700000 | C10: =B10/$A$3 -> 0.11786834 | D10: 4125000 | E10: 2945000 | F10: 2311000 | G10: 1942000 | H10: 1760000 | I10: 1463000 | J10: 1324000
B11: 4800000 | C11: =B11/$A$3 -> 0.12037618 | D11: 4115000 | E11: 2938000 | F11: 2306000 | G11: 1938000 | H11: 1756000 | I11: 1460000 | J11: 1321000
B12: 4900000 | C12: =B12/$A$3 -> 0.12288401 | D12: 4105000 | E12: 2931000 | F12: 2301000 | G12: 1934000 | H12: 1752000 | I12: 1457000 | J12: 1318000
B13: 5000000 | C13: =B13/$A$3 -> 0.12539185 | D13: 4095000 | E13: 2924000 | F13: 2296000 | G13: 1930000 | H13: 1748000 | I13: 1454000 | J13: 1315000
B14: 5100000 | C14: =B14/$A$3 -> 0.12789969 | D14: 4085000 | E14: 2917000 | F14: 2291000 | G14: 1926000 | H14: 1744000 | I14: 1451000 | J14: 1312000
B15: 5200000 | C15: =B15/$A$3 -> 0.13040752 | D15: 4075000 | E15: 2910000 | F15: 2286000 | G15: 1922000 | H15: 1740000 | I15: 1448000 | J15: 1309000
... B131: 16800000 | C131: =B131/$A$3 -> 0.42131661 | D131: 2915000 | E131: 2098000 | F131: 1706000 | G131: 1458000 | H131: 1276000 | I131: 1100000 | J131: 961000
D132: 2905000 | E132: 2091000 | F132: 1701000 | G132: 1454000 | H132: 1272000 | I132: 1097000 | J132: 958000
D133: 2895000 | E133: 2084000 | F133: 1696000 | G133: 1450000 | H133: 1268000 | I133: 1094000 | J133: 955000
D134: 2885000 | E134: 2077000 | F134: 1691000 | G134: 1446000 | H134: 1264000 | I134: 1091000 | J134: 952000
D135: 2875000 | E135: 2070000 | F135: 1686000 | G135: 1442000 | H135: 1260000 | I135: 1088000 | J135: 949000
D136: 2865000 | E136: 2063000 | F136: 1681000 | G136: 1438000 | H136: 1256000 | I136: 1085000 | J136: 946000
D137: 2855000 | E137: 2056000 | F137: 1676000 | G137: 1434000 | H137: 1252000 | I137: 1082000 | J137: 943000
D138: 2845000 | E138: 2049000 | F138: 1671000 | G138: 1430000 | H138: 1248000 | I138: 1079000 | J138: 940000
D139: 2835000 | E139: 2042000 | F139: 1666000 | G139: 1426000 | H139: 1244000 | I139: 1076000 | J139: 937000
D140: 2825000 | E140: 2035000 | F140: 1661000 | G140: 1422000 | H140: 1240000 | I140: 1073000 | J140: 934000
D141: 2815000 | E141: 2028000 | F141: 1656000 | G141: 1418000 | H141: 1236000 | I141: 1070000 | J141: 931000

Sheet NEW PCX ROADSYNC
A1: NEW PCX ROADSYNC | B1: DP | C1: % DP | D1: JANGKA WAKTU
D2: 12 | E2: 18 | F2: 24 | G2: 30 | H2: 36 | I2: 48 | J2: 60
A3: =OTR!E107 -> 42675000 | B3: 4300000 | C3: =B3/$A$3 -> 0.10076157 | D3: 4505000 | E3: 3211000 | F3: 2501000 | G3: 2094000 | H3: 1912000 | I3: 1481000 | J3: 1342000
B4: 4400000 | C4: =B4/$A$3 -> 0.10310486 | D4: 4495000 | E4: 3204000 | F4: 2496000 | G4: 2090000 | H4: 1908000 | I4: 1478000 | J4: 1339000
B5: 4500000 | C5: =B5/$A$3 -> 0.10544815 | D5: 4485000 | E5: 3197000 | F5: 2491000 | G5: 2086000 | H5: 1904000 | I5: 1475000 | J5: 1336000
B6: 4600000 | C6: =B6/$A$3 -> 0.10779145 | D6: 4475000 | E6: 3190000 | F6: 2486000 | G6: 2082000 | H6: 1900000 | I6: 1472000 | J6: 1333000
B7: 4700000 | C7: =B7/$A$3 -> 0.11013474 | D7: 4465000 | E7: 3183000 | F7: 2481000 | G7: 2078000 | H7: 1896000 | I7: 1469000 | J7: 1330000
B8: 4800000 | C8: =B8/$A$3 -> 0.11247803 | D8: 4455000 | E8: 3176000 | F8: 2476000 | G8: 2074000 | H8: 1892000 | I8: 1466000 | J8: 1327000
B9: 4900000 | C9: =B9/$A$3 -> 0.11482132 | D9: 4445000 | E9: 3169000 | F9: 2471000 | G9: 2070000 | H9: 1888000 | I9: 1463000 | J9: 1324000
B10: 5000000 | C10: =B10/$A$3 -> 0.11716462 | D10: 4435000 | E10: 3162000 | F10: 2466000 | G10: 2066000 | H10: 1884000 | I10: 1460000 | J10: 1321000
B11: 5100000 | C11: =B11/$A$3 -> 0.11950791 | D11: 4425000 | E11: 3155000 | F11: 2461000 | G11: 2062000 | H11: 1880000 | I11: 1457000 | J11: 1318000
B12: 5200000 | C12: =B12/$A$3 -> 0.1218512 | D12: 4415000 | E12: 3148000 | F12: 2456000 | G12: 2058000 | H12: 1876000 | I12: 1454000 | J12: 1315000
B13: 5300000 | C13: =B13/$A$3 -> 0.12419449 | D13: 4405000 | E13: 3141000 | F13: 2451000 | G13: 2054000 | H13: 1872000 | I13: 1451000 | J13: 1312000
B14: 5400000 | C14: =B14/$A$3 -> 0.12653779 | D14: 4395000 | E14: 3134000 | F14: 2446000 | G14: 2050000 | H14: 1868000 | I14: 1448000 | J14: 1309000
B15: 5500000 | C15: =B15/$A$3 -> 0.12888108 | D15: 4385000 | E15: 3127000 | F15: 2441000 | G15: 2046000 | H15: 1864000 | I15: 1445000 | J15: 1306000
... B144: 18400000 | C144: =B144/$A$3 -> 0.43116579 | D144: 3095000 | E144: 2224000 | F144: 1796000 | G144: 1530000 | H144: 1348000 | I144: 1058000 | J144: 919000
D145: 3085000 | E145: 2217000 | F145: 1791000 | G145: 1526000 | H145: 1344000 | I145: 1055000 | J145: 916000
D146: 3075000 | E146: 2210000 | F146: 1786000 | G146: 1522000 | H146: 1340000 | I146: 1052000 | J146: 913000
D147: 3065000 | E147: 2203000 | F147: 1781000 | G147: 1518000 | H147: 1336000 | I147: 1049000 | J147: 910000
D148: 3055000 | E148: 2196000 | F148: 1776000 | G148: 1514000 | H148: 1332000 | I148: 1046000 | J148: 907000
D149: 3045000 | E149: 2189000 | F149: 1771000 | G149: 1510000 | H149: 1328000 | I149: 1043000 | J149: 904000
D150: 3035000 | E150: 2182000 | F150: 1766000 | G150: 1506000 | H150: 1324000 | I150: 1040000 | J150: 901000
D151: 3025000 | E151: 2175000 | F151: 1761000 | G151: 1502000 | H151: 1320000 | I151: 1037000 | J151: 898000
D152: 3015000 | E152: 2168000 | F152: 1756000 | G152: 1498000 | H152: 1316000 | I152: 1034000 | J152: 895000
D153: 3005000 | E153: 2161000 | F153: 1751000 | G153: 1494000 | H153: 1312000 | I153: 1031000 | J153: 892000
D154: 2995000 | E154: 2154000 | F154: 1746000 | G154: 1490000 | H154: 1308000 | I154: 1028000 | J154: 889000

Sheet  PCX HYBRID 160  
A1: PCX HYBRID 160 | B1: DP | C1: % DP | D1: JANGKA WAKTU
D2: 12 | E2: 18 | F2: 24 | G2: 30 | H2: 36
A3: =OTR!E72 -> 46509000 | B3: 4000000 | C3: =B3/$A$3 -> 0.086004859 | D3: 4453000 | E3: 3217000 | F3: 2547000 | G3: 2165000 | H3: 1915000
B4: 4100000 | C4: =B4/$A$3 -> 0.088154981 | D4: 4443000 | E4: 3210000 | F4: 2542000 | G4: 2161000 | H4: 1911000
B5: 4200000 | C5: =B5/$A$3 -> 0.090305102 | D5: 4433000 | E5: 3203000 | F5: 2537000 | G5: 2157000 | H5: 1907000
B6: 4300000 | C6: =B6/$A$3 -> 0.092455224 | D6: 4423000 | E6: 3196000 | F6: 2532000 | G6: 2153000 | H6: 1903000
B7: 4400000 | C7: =B7/$A$3 -> 0.094605345 | D7: 4413000 | E7: 3189000 | F7: 2527000 | G7: 2149000 | H7: 1899000
B8: 4500000 | C8: =B8/$A$3 -> 0.096755467 | D8: 4403000 | E8: 3182000 | F8: 2522000 | G8: 2145000 | H8: 1895000
B9: 4600000 | C9: =B9/$A$3 -> 0.098905588 | D9: 4393000 | E9: 3175000 | F9: 2517000 | G9: 2141000 | H9: 1891000
B10: 4700000 | C10: =B10/$A$3 -> 0.10105571 | D10: 4383000 | E10: 3168000 | F10: 2512000 | G10: 2137000 | H10: 1887000
B11: 4800000 | C11: =B11/$A$3 -> 0.10320583 | D11: 4373000 | E11: 3161000 | F11: 2507000 | G11: 2133000 | H11: 1883000
B12: 4900000 | C12: =B12/$A$3 -> 0.10535595 | D12: 4363000 | E12: 3154000 | F12: 2502000 | G12: 2129000 | H12: 1879000
B13: 5000000 | C13: =B13/$A$3 -> 0.10750607 | D13: 4353000 | E13: 3147000 | F13: 2497000 | G13: 2125000 | H13: 1875000
B14: 5100000 | C14: =B14/$A$3 -> 0.1096562 | D14: 4343000 | E14: 3140000 | F14: 2492000 | G14: 2121000 | H14: 1871000
B15: 5200000 | C15: =B15/$A$3 -> 0.11180632 | D15: 4333000 | E15: 3133000 | F15: 2487000 | G15: 2117000 | H15: 1867000
... B150: 18700000 | C150: =B150/$A$3 -> 0.40207272 | D150: 2988000 | E150: 2188000 | F150: 1763000 | G150: 1469000 | H150: 1311000

Sheet  ADV 160 CBS  
A1: ADV 160 CBS | B1: DP | C1: % DP | D1: JANGKA WAKTU
D2: 12 | E2: 18 | F2: 24 | G2: 30 | H2: 36 | I2: 48 | J2: 60
A3: =OTR!E84 -> 38475000 | B3: 3900000 | C3: =B3/$A$3 -> 0.10136452 | D3: 3938000 | E3: 2834000 | F3: 2230000 | G3: 1896000 | H3: 1720000 | I3: 1394000 | J3: 1246000
B4: 4000000 | C4: =B4/$A$3 -> 0.10396361 | D4: 3928000 | E4: 2827000 | F4: 2225000 | G4: 1892000 | H4: 1716000 | I4: 1391000 | J4: 1243000
B5: 4100000 | C5: =B5/$A$3 -> 0.1065627 | D5: 3918000 | E5: 2820000 | F5: 2220000 | G5: 1888000 | H5: 1712000 | I5: 1388000 | J5: 1240000
B6: 4200000 | C6: =B6/$A$3 -> 0.10916179 | D6: 3908000 | E6: 2813000 | F6: 2215000 | G6: 1884000 | H6: 1708000 | I6: 1385000 | J6: 1237000
B7: 4300000 | C7: =B7/$A$3 -> 0.11176088 | D7: 3898000 | E7: 2806000 | F7: 2210000 | G7: 1880000 | H7: 1704000 | I7: 1382000 | J7: 1234000
B8: 4400000 | C8: =B8/$A$3 -> 0.11435997 | D8: 3888000 | E8: 2799000 | F8: 2205000 | G8: 1876000 | H8: 1700000 | I8: 1379000 | J8: 1231000
B9: 4500000 | C9: =B9/$A$3 -> 0.11695906 | D9: 3878000 | E9: 2792000 | F9: 2200000 | G9: 1872000 | H9: 1696000 | I9: 1376000 | J9: 1228000
B10: 4600000 | C10: =B10/$A$3 -> 0.11955815 | D10: 3868000 | E10: 2785000 | F10: 2195000 | G10: 1868000 | H10: 1692000 | I10: 1373000 | J10: 1225000
B11: 4700000 | C11: =B11/$A$3 -> 0.12215724 | D11: 3858000 | E11: 2778000 | F11: 2190000 | G11: 1864000 | H11: 1688000 | I11: 1370000 | J11: 1222000
B12: 4800000 | C12: =B12/$A$3 -> 0.12475634 | D12: 3848000 | E12: 2771000 | F12: 2185000 | G12: 1860000 | H12: 1684000 | I12: 1367000 | J12: 1219000
B13: 4900000 | C13: =B13/$A$3 -> 0.12735543 | D13: 3838000 | E13: 2764000 | F13: 2180000 | G13: 1856000 | H13: 1680000 | I13: 1364000 | J13: 1216000
B14: 5000000 | C14: =B14/$A$3 -> 0.12995452 | D14: 3828000 | E14: 2757000 | F14: 2175000 | G14: 1852000 | H14: 1676000 | I14: 1361000 | J14: 1213000
B15: 5100000 | C15: =B15/$A$3 -> 0.13255361 | D15: 3818000 | E15: 2750000 | F15: 2170000 | G15: 1848000 | H15: 1672000 | I15: 1358000 | J15: 1210000
... B130: 16600000 | C130: =B130/$A$3 -> 0.43144899 | D130: 2668000 | E130: 1945000 | F130: 1595000 | G130: 1388000 | H130: 1212000 | I130: 1013000 | J130: 865000
D131: 2658000 | E131: 1938000 | F131: 1590000 | G131: 1384000 | H131: 1208000 | I131: 1010000 | J131: 862000
D132: 2648000 | E132: 1931000 | F132: 1585000 | G132: 1380000 | H132: 1204000 | I132: 1007000 | J132: 859000
D133: 2638000 | E133: 1924000 | F133: 1580000 | G133: 1376000 | H133: 1200000 | I133: 1004000 | J133: 856000
D134: 2628000 | E134: 1917000 | F134: 1575000 | G134: 1372000 | H134: 1196000 | I134: 1001000 | J134: 853000
D135: 2618000 | E135: 1910000 | F135: 1570000 | G135: 1368000 | H135: 1192000 | I135: 998000 | J135: 850000
D136: 2608000 | E136: 1903000 | F136: 1565000 | G136: 1364000 | H136: 1188000 | I136: 995000 | J136: 847000
D137: 2598000 | E137: 1896000 | F137: 1560000 | G137: 1360000 | H137: 1184000 | I137: 992000 | J137: 844000
D138: 2588000 | E138: 1889000 | F138: 1555000 | G138: 1356000 | H138: 1180000 | I138: 989000 | J138: 841000
D139: 2578000 | E139: 1882000 | F139: 1550000 | G139: 1352000 | H139: 1176000 | I139: 986000 | J139: 838000

Sheet  ADV 160 ABS  
A1: ADV 160 ABS | B1: DP | C1: % DP | D1: JANGKA WAKTU
D2: 12 | E2: 18 | F2: 24 | G2: 30 | H2: 36 | I2: 48 | J2: 60
A3: =OTR!E85 -> 41675000 | B3: 4200000 | C3: =B3/$A$3 -> 0.10077984 | D3: 4235000 | E3: 3049000 | F3: 2407000 | G3: 2052000 | H3: 1863000 | I3: 1534000 | J3: 1385000
B4: 4300000 | C4: =B4/$A$3 -> 0.10317936 | D4: 4225000 | E4: 3042000 | F4: 2402000 | G4: 2048000 | H4: 1859000 | I4: 1531000 | J4: 1382000
B5: 4400000 | C5: =B5/$A$3 -> 0.10557888 | D5: 4215000 | E5: 3035000 | F5: 2397000 | G5: 2044000 | H5: 1855000 | I5: 1528000 | J5: 1379000
B6: 4500000 | C6: =B6/$A$3 -> 0.1079784 | D6: 4205000 | E6: 3028000 | F6: 2392000 | G6: 2040000 | H6: 1851000 | I6: 1525000 | J6: 1376000
B7: 4600000 | C7: =B7/$A$3 -> 0.11037792 | D7: 4195000 | E7: 3021000 | F7: 2387000 | G7: 2036000 | H7: 1847000 | I7: 1522000 | J7: 1373000
B8: 4700000 | C8: =B8/$A$3 -> 0.11277744 | D8: 4185000 | E8: 3014000 | F8: 2382000 | G8: 2032000 | H8: 1843000 | I8: 1519000 | J8: 1370000
B9: 4800000 | C9: =B9/$A$3 -> 0.11517696 | D9: 4175000 | E9: 3007000 | F9: 2377000 | G9: 2028000 | H9: 1839000 | I9: 1516000 | J9: 1367000
B10: 4900000 | C10: =B10/$A$3 -> 0.11757648 | D10: 4165000 | E10: 3000000 | F10: 2372000 | G10: 2024000 | H10: 1835000 | I10: 1513000 | J10: 1364000
B11: 5000000 | C11: =B11/$A$3 -> 0.119976 | D11: 4155000 | E11: 2993000 | F11: 2367000 | G11: 2020000 | H11: 1831000 | I11: 1510000 | J11: 1361000
B12: 5100000 | C12: =B12/$A$3 -> 0.12237552 | D12: 4145000 | E12: 2986000 | F12: 2362000 | G12: 2016000 | H12: 1827000 | I12: 1507000 | J12: 1358000
B13: 5200000 | C13: =B13/$A$3 -> 0.12477504 | D13: 4135000 | E13: 2979000 | F13: 2357000 | G13: 2012000 | H13: 1823000 | I13: 1504000 | J13: 1355000
B14: 5300000 | C14: =B14/$A$3 -> 0.12717457 | D14: 4125000 | E14: 2972000 | F14: 2352000 | G14: 2008000 | H14: 1819000 | I14: 1501000 | J14: 1352000
B15: 5400000 | C15: =B15/$A$3 -> 0.12957409 | D15: 4115000 | E15: 2965000 | F15: 2347000 | G15: 2004000 | H15: 1815000 | I15: 1498000 | J15: 1349000
... B140: 17900000 | C140: =B140/$A$3 -> 0.4295141 | D140: 2865000 | E140: 2090000 | F140: 1722000 | G140: 1504000 | H140: 1315000 | I140: 1123000 | J140: 974000
D141: 2855000 | E141: 2083000 | F141: 1717000 | G141: 1500000 | H141: 1311000 | I141: 1120000 | J141: 971000
D142: 2845000 | E142: 2076000 | F142: 1712000 | G142: 1496000 | H142: 1307000 | I142: 1117000 | J142: 968000
D143: 2835000 | E143: 2069000 | F143: 1707000 | G143: 1492000 | H143: 1303000 | I143: 1114000 | J143: 965000
D144: 2825000 | E144: 2062000 | F144: 1702000 | G144: 1488000 | H144: 1299000 | I144: 1111000 | J144: 962000
D145: 2815000 | E145: 2055000 | F145: 1697000 | G145: 1484000 | H145: 1295000 | I145: 1108000 | J145: 959000
D146: 2805000 | E146: 2048000 | F146: 1692000 | G146: 1480000 | H146: 1291000 | I146: 1105000 | J146: 956000
D147: 2795000 | E147: 2041000 | F147: 1687000 | G147: 1476000 | H147: 1287000 | I147: 1102000 | J147: 953000
D148: 2785000 | E148: 2034000 | F148: 1682000 | G148: 1472000 | H148: 1283000 | I148: 1099000 | J148: 950000
D149: 2775000 | E149: 2027000 | F149: 1677000 | G149: 1468000 | H149: 1279000 | I149: 1096000 | J149: 947000

Sheet ADV 160 ROADSYNC
A1: ADV 160 ROADSYNC | B1: DP | C1: % DP | D1: JANGKA WAKTU
D2: 12 | E2: 18 | F2: 24 | G2: 30 | H2: 36 | I2: 48 | J2: 60
A3: =OTR!E86 -> 43325000 | B3: 4400000 | C3: =B3/$A$3 -> 0.10155799 | D3: 4375000 | E3: 3147000 | F3: 2477000 | G3: 2108000 | H3: 1919000 | I3: 1579000 | J3: 1430000
B4: 4500000 | C4: =B4/$A$3 -> 0.10386613 | D4: 4365000 | E4: 3140000 | F4: 2472000 | G4: 2104000 | H4: 1915000 | I4: 1576000 | J4: 1427000
B5: 4600000 | C5: =B5/$A$3 -> 0.10617426 | D5: 4355000 | E5: 3133000 | F5: 2467000 | G5: 2100000 | H5: 1911000 | I5: 1573000 | J5: 1424000
B6: 4700000 | C6: =B6/$A$3 -> 0.1084824 | D6: 4345000 | E6: 3126000 | F6: 2462000 | G6: 2096000 | H6: 1907000 | I6: 1570000 | J6: 1421000
B7: 4800000 | C7: =B7/$A$3 -> 0.11079054 | D7: 4335000 | E7: 3119000 | F7: 2457000 | G7: 2092000 | H7: 1903000 | I7: 1567000 | J7: 1418000
B8: 4900000 | C8: =B8/$A$3 -> 0.11309867 | D8: 4325000 | E8: 3112000 | F8: 2452000 | G8: 2088000 | H8: 1899000 | I8: 1564000 | J8: 1415000
B9: 5000000 | C9: =B9/$A$3 -> 0.11540681 | D9: 4315000 | E9: 3105000 | F9: 2447000 | G9: 2084000 | H9: 1895000 | I9: 1561000 | J9: 1412000
B10: 5100000 | C10: =B10/$A$3 -> 0.11771495 | D10: 4305000 | E10: 3098000 | F10: 2442000 | G10: 2080000 | H10: 1891000 | I10: 1558000 | J10: 1409000
B11: 5200000 | C11: =B11/$A$3 -> 0.12002308 | D11: 4295000 | E11: 3091000 | F11: 2437000 | G11: 2076000 | H11: 1887000 | I11: 1555000 | J11: 1406000
B12: 5300000 | C12: =B12/$A$3 -> 0.12233122 | D12: 4285000 | E12: 3084000 | F12: 2432000 | G12: 2072000 | H12: 1883000 | I12: 1552000 | J12: 1403000
B13: 5400000 | C13: =B13/$A$3 -> 0.12463935 | D13: 4275000 | E13: 3077000 | F13: 2427000 | G13: 2068000 | H13: 1879000 | I13: 1549000 | J13: 1400000
B14: 5500000 | C14: =B14/$A$3 -> 0.12694749 | D14: 4265000 | E14: 3070000 | F14: 2422000 | G14: 2064000 | H14: 1875000 | I14: 1546000 | J14: 1397000
B15: 5600000 | C15: =B15/$A$3 -> 0.12925563 | D15: 4255000 | E15: 3063000 | F15: 2417000 | G15: 2060000 | H15: 1871000 | I15: 1543000 | J15: 1394000
... B138: 17900000 | C138: =B138/$A$3 -> 0.41315638 | D138: 3025000 | E138: 2202000 | F138: 1802000 | G138: 1568000 | H138: 1379000 | I138: 1174000 | J138: 1025000
D139: 3015000 | E139: 2195000 | F139: 1797000 | G139: 1564000 | H139: 1375000 | I139: 1171000 | J139: 1022000
D140: 3005000 | E140: 2188000 | F140: 1792000 | G140: 1560000 | H140: 1371000 | I140: 1168000 | J140: 1019000
D141: 2995000 | E141: 2181000 | F141: 1787000 | G141: 1556000 | H141: 1367000 | I141: 1165000 | J141: 1016000
D142: 2985000 | E142: 2174000 | F142: 1782000 | G142: 1552000 | H142: 1363000 | I142: 1162000 | J142: 1013000
D143: 2975000 | E143: 2167000 | F143: 1777000 | G143: 1548000 | H143: 1359000 | I143: 1159000 | J143: 1010000
D144: 2965000 | E144: 2160000 | F144: 1772000 | G144: 1544000 | H144: 1355000 | I144: 1156000 | J144: 1007000
D145: 2955000 | E145: 2153000 | F145: 1767000 | G145: 1540000 | H145: 1351000 | I145: 1153000 | J145: 1004000
D146: 2945000 | E146: 2146000 | F146: 1762000 | G146: 1536000 | H146: 1347000 | I146: 1150000 | J146: 1001000
D147: 2935000 | E147: 2139000 | F147: 1757000 | G147: 1532000 | H147: 1343000 | I147: 1147000 | J147: 998000
D148: 2925000 | E148: 2132000 | F148: 1752000 | G148: 1528000 | H148: 1339000 | I148: 1144000 | J148: 995000
D149: 2915000 | E149: 2125000 | F149: 1747000 | G149: 1524000 | H149: 1335000 | I149: 1141000 | J149: 992000
D150: 2905000 | E150: 2118000 | F150: 1742000 | G150: 1520000 | H150: 1331000 | I150: 1138000 | J150: 989000
... D163: 2775000 | E163: 2027000 | F163: 1677000 | G163: 1468000 | H163: 1279000 | I163: 1099000 | J163: 950000

Sheet STYLO160 CBS
A1: STYLO 160 CBS | B1: DP | C1: % DP | D1: JANGKA WAKTU
D2: 12 | E2: 18 | F2: 24 | G2: 30 | H2: 36
A3: =OTR!E98 -> 31100000 | B3: 3200000 | C3: =B3/$A$3 -> 0.10289389 | D3: 3222000 | E3: 2316000 | F3: 1834000 | G3: 1552000 | H3: 1400000
B4: 3300000 | C4: =B4/$A$3 -> 0.10610932 | D4: 3212000 | E4: 2309000 | F4: 1829000 | G4: 1548000 | H4: 1396000
B5: 3400000 | C5: =B5/$A$3 -> 0.10932476 | D5: 3202000 | E5: 2302000 | F5: 1824000 | G5: 1544000 | H5: 1392000
B6: 3500000 | C6: =B6/$A$3 -> 0.11254019 | D6: 3192000 | E6: 2295000 | F6: 1819000 | G6: 1540000 | H6: 1388000
B7: 3600000 | C7: =B7/$A$3 -> 0.11575563 | D7: 3182000 | E7: 2288000 | F7: 1814000 | G7: 1536000 | H7: 1384000
B8: 3700000 | C8: =B8/$A$3 -> 0.11897106 | D8: 3172000 | E8: 2281000 | F8: 1809000 | G8: 1532000 | H8: 1380000
B9: 3800000 | C9: =B9/$A$3 -> 0.1221865 | D9: 3162000 | E9: 2274000 | F9: 1804000 | G9: 1528000 | H9: 1376000
B10: 3900000 | C10: =B10/$A$3 -> 0.12540193 | D10: 3152000 | E10: 2267000 | F10: 1799000 | G10: 1524000 | H10: 1372000
B11: 4000000 | C11: =B11/$A$3 -> 0.12861736 | D11: 3142000 | E11: 2260000 | F11: 1794000 | G11: 1520000 | H11: 1368000
B12: 4100000 | C12: =B12/$A$3 -> 0.1318328 | D12: 3132000 | E12: 2253000 | F12: 1789000 | G12: 1516000 | H12: 1364000
B13: 4200000 | C13: =B13/$A$3 -> 0.13504823 | D13: 3122000 | E13: 2246000 | F13: 1784000 | G13: 1512000 | H13: 1360000
B14: 4300000 | C14: =B14/$A$3 -> 0.13826367 | D14: 3112000 | E14: 2239000 | F14: 1779000 | G14: 1508000 | H14: 1356000
B15: 4400000 | C15: =B15/$A$3 -> 0.1414791 | D15: 3102000 | E15: 2232000 | F15: 1774000 | G15: 1504000 | H15: 1352000
... B108: 13700000 | C108: =B108/$A$3 -> 0.44051447 | D108: 2172000 | E108: 1581000 | F108: 1309000 | G108: 1132000 | H108: 980000
D109: 2162000 | E109: 1574000 | F109: 1304000 | G109: 1128000 | H109: 976000
D110: 2152000 | E110: 1567000 | F110: 1299000 | G110: 1124000 | H110: 972000
D111: 2142000 | E111: 1560000 | F111: 1294000 | G111: 1120000 | H111: 968000
D112: 2132000 | E112: 1553000 | F112: 1289000 | G112: 1116000 | H112: 964000
D113: 2122000 | E113: 1546000 | F113: 1284000 | G113: 1112000 | H113: 960000
D114: 2112000 | E114: 1539000 | F114: 1279000 | G114: 1108000 | H114: 956000
D115: 2102000 | E115: 1532000 | F115: 1274000 | G115: 1104000 | H115: 952000
D116: 2092000 | E116: 1525000 | F116: 1269000 | G116: 1100000 | H116: 948000
D117: 2082000 | E117: 1518000 | F117: 1264000 | G117: 1096000 | H117: 944000
D118: 2072000 | E118: 1511000 | F118: 1259000 | G118: 1092000 | H118: 940000
D119: 2062000 | E119: 1504000 | F119: 1254000 | G119: 1088000 | H119: 936000

Sheet STYLO160 ABS
A1: STYLO 160 ABS | B1: DP | C1: % DP | D1: JANGKA WAKTU
D2: 12 | E2: 18 | F2: 24 | G2: 30 | H2: 36
A3: =OTR!E99 -> 34100000 | B3: 3500000 | C3: =B3/$A$3 -> 0.1026393 | D3: 3558000 | E3: 2555000 | F3: 2011000 | G3: 1698000 | H3: 1531000
B4: 3600000 | C4: =B4/$A$3 -> 0.10557185 | D4: 3548000 | E4: 2548000 | F4: 2006000 | G4: 1694000 | H4: 1527000
B5: 3700000 | C5: =B5/$A$3 -> 0.1085044 | D5: 3538000 | E5: 2541000 | F5: 2001000 | G5: 1690000 | H5: 1523000
B6: 3800000 | C6: =B6/$A$3 -> 0.11143695 | D6: 3528000 | E6: 2534000 | F6: 1996000 | G6: 1686000 | H6: 1519000
B7: 3900000 | C7: =B7/$A$3 -> 0.1143695 | D7: 3518000 | E7: 2527000 | F7: 1991000 | G7: 1682000 | H7: 1515000
B8: 4000000 | C8: =B8/$A$3 -> 0.11730205 | D8: 3508000 | E8: 2520000 | F8: 1986000 | G8: 1678000 | H8: 1511000
B9: 4100000 | C9: =B9/$A$3 -> 0.1202346 | D9: 3498000 | E9: 2513000 | F9: 1981000 | G9: 1674000 | H9: 1507000
B10: 4200000 | C10: =B10/$A$3 -> 0.12316716 | D10: 3488000 | E10: 2506000 | F10: 1976000 | G10: 1670000 | H10: 1503000
B11: 4300000 | C11: =B11/$A$3 -> 0.12609971 | D11: 3478000 | E11: 2499000 | F11: 1971000 | G11: 1666000 | H11: 1499000
B12: 4400000 | C12: =B12/$A$3 -> 0.12903226 | D12: 3468000 | E12: 2492000 | F12: 1966000 | G12: 1662000 | H12: 1495000
B13: 4500000 | C13: =B13/$A$3 -> 0.13196481 | D13: 3458000 | E13: 2485000 | F13: 1961000 | G13: 1658000 | H13: 1491000
B14: 4600000 | C14: =B14/$A$3 -> 0.13489736 | D14: 3448000 | E14: 2478000 | F14: 1956000 | G14: 1654000 | H14: 1487000
B15: 4700000 | C15: =B15/$A$3 -> 0.13782991 | D15: 3438000 | E15: 2471000 | F15: 1951000 | G15: 1650000 | H15: 1483000
... B115: 14700000 | C115: =B115/$A$3 -> 0.43108504 | D115: 2438000 | E115: 1771000 | F115: 1451000 | G115: 1250000 | H115: 1083000
D116: 2428000 | E116: 1764000 | F116: 1446000 | G116: 1246000 | H116: 1079000
D117: 2418000 | E117: 1757000 | F117: 1441000 | G117: 1242000 | H117: 1075000
D118: 2408000 | E118: 1750000 | F118: 1436000 | G118: 1238000 | H118: 1071000
D119: 2398000 | E119: 1743000 | F119: 1431000 | G119: 1234000 | H119: 1067000
D120: 2388000 | E120: 1736000 | F120: 1426000 | G120: 1230000 | H120: 1063000
D121: 2378000 | E121: 1729000 | F121: 1421000 | G121: 1226000 | H121: 1059000
D122: 2368000 | E122: 1722000 | F122: 1416000 | G122: 1222000 | H122: 1055000
D123: 2358000 | E123: 1715000 | F123: 1411000 | G123: 1218000 | H123: 1051000
D124: 2348000 | E124: 1708000 | F124: 1406000 | G124: 1214000 | H124: 1047000
D125: 2338000 | E125: 1701000 | F125: 1401000 | G125: 1210000 | H125: 1043000
D126: 2328000 | E126: 1694000 | F126: 1396000 | G126: 1206000 | H126: 1039000

Sheet STYLO160 ABS SPECIAL COLOR
A1: STYLO 160 ABS SPECIAL COLOR | B1: DP | C1: % DP | D1: JANGKA WAKTU
D2: 12 | E2: 18 | F2: 24 | G2: 30 | H2: 36
A3: =OTR!E100 -> 35700000 | B3: 3600000 | C3: =B3/$A$3 -> 0.10084034 | D3: 3698000 | E3: 2653000 | F3: 2081000 | G3: 1754000 | H3: 1587000
B4: 3700000 | C4: =B4/$A$3 -> 0.10364146 | D4: 3688000 | E4: 2646000 | F4: 2076000 | G4: 1750000 | H4: 1583000
B5: 3800000 | C5: =B5/$A$3 -> 0.10644258 | D5: 3678000 | E5: 2639000 | F5: 2071000 | G5: 1746000 | H5: 1579000
B6: 3900000 | C6: =B6/$A$3 -> 0.1092437 | D6: 3668000 | E6: 2632000 | F6: 2066000 | G6: 1742000 | H6: 1575000
B7: 4000000 | C7: =B7/$A$3 -> 0.11204482 | D7: 3658000 | E7: 2625000 | F7: 2061000 | G7: 1738000 | H7: 1571000
B8: 4100000 | C8: =B8/$A$3 -> 0.11484594 | D8: 3648000 | E8: 2618000 | F8: 2056000 | G8: 1734000 | H8: 1567000
B9: 4200000 | C9: =B9/$A$3 -> 0.11764706 | D9: 3638000 | E9: 2611000 | F9: 2051000 | G9: 1730000 | H9: 1563000
B10: 4300000 | C10: =B10/$A$3 -> 0.12044818 | D10: 3628000 | E10: 2604000 | F10: 2046000 | G10: 1726000 | H10: 1559000
B11: 4400000 | C11: =B11/$A$3 -> 0.1232493 | D11: 3618000 | E11: 2597000 | F11: 2041000 | G11: 1722000 | H11: 1555000
B12: 4500000 | C12: =B12/$A$3 -> 0.12605042 | D12: 3608000 | E12: 2590000 | F12: 2036000 | G12: 1718000 | H12: 1551000
B13: 4600000 | C13: =B13/$A$3 -> 0.12885154 | D13: 3598000 | E13: 2583000 | F13: 2031000 | G13: 1714000 | H13: 1547000
B14: 4700000 | C14: =B14/$A$3 -> 0.13165266 | D14: 3588000 | E14: 2576000 | F14: 2026000 | G14: 1710000 | H14: 1543000
B15: 4800000 | C15: =B15/$A$3 -> 0.13445378 | D15: 3578000 | E15: 2569000 | F15: 2021000 | G15: 1706000 | H15: 1539000
... B114: 14700000 | C114: =B114/$A$3 -> 0.41176471 | D114: 2588000 | E114: 1876000 | F114: 1526000 | G114: 1310000 | H114: 1143000
D115: 2578000 | E115: 1869000 | F115: 1521000 | G115: 1306000 | H115: 1139000
D116: 2568000 | E116: 1862000 | F116: 1516000 | G116: 1302000 | H116: 1135000
D117: 2558000 | E117: 1855000 | F117: 1511000 | G117: 1298000 | H117: 1131000
D118: 2548000 | E118: 1848000 | F118: 1506000 | G118: 1294000 | H118: 1127000
D119: 2538000 | E119: 1841000 | F119: 1501000 | G119: 1290000 | H119: 1123000
D120: 2528000 | E120: 1834000 | F120: 1496000 | G120: 1286000 | H120: 1119000
D121: 2518000 | E121: 1827000 | F121: 1491000 | G121: 1282000 | H121: 1115000
D122: 2508000 | E122: 1820000 | F122: 1486000 | G122: 1278000 | H122: 1111000
D123: 2498000 | E123: 1813000 | F123: 1481000 | G123: 1274000 | H123: 1107000
D124: 2488000 | E124: 1806000 | F124: 1476000 | G124: 1270000 | H124: 1103000
D125: 2478000 | E125: 1799000 | F125: 1471000 | G125: 1266000 | H125: 1099000
D126: 2468000 | E126: 1792000 | F126: 1466000 | G126: 1262000 | H126: 1095000
... D140: 2328000 | E140: 1694000 | F140: 1396000 | G140: 1206000 | H140: 1039000

Sheet  CB 150 Verza Sp  
A1: CB 150 Verza Sp | B1: DP | C1: % DP | D1: JANGKA WAKTU
D2: 12 | E2: 18 | F2: 24 | G2: 30 | H2: 36
A3: =OTR!E20 -> 26050000 | B3: 2700000 | C3: =B3/$A$3 -> 0.10364683 | D3: 2594000 | E3: 1866000 | F3: 1511000 | G3: 1289000 | H3: 1132000
B4: 2800000 | C4: =B4/$A$3 -> 0.1074856 | D4: 2584000 | E4: 1859000 | F4: 1505000 | G4: 1284000 | H4: 1128000
B5: 2900000 | C5: =B5/$A$3 -> 0.11132438 | D5: 2574000 | E5: 1852000 | F5: 1499000 | G5: 1279000 | H5: 1124000
B6: 3000000 | C6: =B6/$A$3 -> 0.11516315 | D6: 2564000 | E6: 1845000 | F6: 1493000 | G6: 1274000 | H6: 1120000
B7: 3100000 | C7: =B7/$A$3 -> 0.11900192 | D7: 2554000 | E7: 1838000 | F7: 1487000 | G7: 1269000 | H7: 1116000
B8: 3200000 | C8: =B8/$A$3 -> 0.12284069 | D8: 2544000 | E8: 1831000 | F8: 1481000 | G8: 1264000 | H8: 1112000
B9: 3300000 | C9: =B9/$A$3 -> 0.12667946 | D9: 2534000 | E9: 1824000 | F9: 1475000 | G9: 1259000 | H9: 1108000
B10: 3400000 | C10: =B10/$A$3 -> 0.13051823 | D10: 2524000 | E10: 1817000 | F10: 1469000 | G10: 1254000 | H10: 1104000
B11: 3500000 | C11: =B11/$A$3 -> 0.13435701 | D11: 2514000 | E11: 1810000 | F11: 1463000 | G11: 1249000 | H11: 1100000
B12: 3600000 | C12: =B12/$A$3 -> 0.13819578 | D12: 2504000 | E12: 1803000 | F12: 1457000 | G12: 1244000 | H12: 1096000
B13: 3700000 | C13: =B13/$A$3 -> 0.14203455 | D13: 2494000 | E13: 1796000 | F13: 1451000 | G13: 1239000 | H13: 1092000
B14: 3800000 | C14: =B14/$A$3 -> 0.14587332 | D14: 2484000 | E14: 1789000 | F14: 1445000 | G14: 1234000 | H14: 1088000
B15: 3900000 | C15: =B15/$A$3 -> 0.14971209 | D15: 2474000 | E15: 1782000 | F15: 1439000 | G15: 1229000 | H15: 1084000
... B72: 9600000 | C72: =B72/$A$3 -> 0.36852207 | D72: 1904000 | E72: 1383000 | F72: 1097000 | G72: 944000 | H72: 856000
D73: 1894000 | E73: 1376000 | F73: 1091000 | G73: 939000 | H73: 852000
D74: 1884000 | E74: 1369000 | F74: 1085000 | G74: 934000 | H74: 848000
D75: 1874000 | E75: 1362000 | F75: 1079000 | G75: 929000 | H75: 844000
D76: 1864000 | E76: 1355000 | F76: 1073000 | G76: 924000 | H76: 840000
D77: 1854000 | E77: 1348000 | F77: 1067000 | G77: 919000 | H77: 836000
D78: 1844000 | E78: 1341000 | F78: 1061000 | G78: 914000 | H78: 832000
D79: 1834000 | E79: 1334000 | F79: 1055000 | G79: 909000 | H79: 828000
D80: 1824000 | E80: 1327000 | F80: 1049000 | G80: 904000 | H80: 824000
D81: 1814000 | E81: 1320000 | F81: 1043000 | G81: 899000 | H81: 820000
D82: 1804000 | E82: 1313000 | F82: 1037000 | G82: 894000 | H82: 816000
D83: 1794000 | E83: 1306000 | F83: 1031000 | G83: 889000 | H83: 812000
D84: 1784000 | E84: 1299000 | F84: 1025000 | G84: 884000 | H84: 808000
... D97: 1654000 | E97: 1208000 | F97: 947000 | G97: 819000 | H97: 756000

Sheet  CB 150 Verza CW  
A1: CB 150 Verza CW | B1: DP | C1: % DP | D1: JANGKA WAKTU
D2: 12 | E2: 18 | F2: 24 | G2: 30 | H2: 36
A3: =OTR!E21 -> 26750000 | B3: 2700000 | C3: =B3/$A$3 -> 0.10093458 | D3: 2689000 | E3: 1932000 | F3: 1565000 | G3: 1334000 | H3: 1171000
B4: 2800000 | C4: =B4/$A$3 -> 0.1046729 | D4: 2679000 | E4: 1925000 | F4: 1559000 | G4: 1329000 | H4: 1167000
B5: 2900000 | C5: =B5/$A$3 -> 0.10841121 | D5: 2669000 | E5: 1918000 | F5: 1553000 | G5: 1324000 | H5: 1163000
B6: 3000000 | C6: =B6/$A$3 -> 0.11214953 | D6: 2659000 | E6: 1911000 | F6: 1547000 | G6: 1319000 | H6: 1159000
B7: 3100000 | C7: =B7/$A$3 -> 0.11588785 | D7: 2649000 | E7: 1904000 | F7: 1541000 | G7: 1314000 | H7: 1155000
B8: 3200000 | C8: =B8/$A$3 -> 0.11962617 | D8: 2639000 | E8: 1897000 | F8: 1535000 | G8: 1309000 | H8: 1151000
B9: 3300000 | C9: =B9/$A$3 -> 0.12336449 | D9: 2629000 | E9: 1890000 | F9: 1529000 | G9: 1304000 | H9: 1147000
B10: 3400000 | C10: =B10/$A$3 -> 0.1271028 | D10: 2619000 | E10: 1883000 | F10: 1523000 | G10: 1299000 | H10: 1143000
B11: 3500000 | C11: =B11/$A$3 -> 0.13084112 | D11: 2609000 | E11: 1876000 | F11: 1517000 | G11: 1294000 | H11: 1139000
B12: 3600000 | C12: =B12/$A$3 -> 0.13457944 | D12: 2599000 | E12: 1869000 | F12: 1511000 | G12: 1289000 | H12: 1135000
B13: 3700000 | C13: =B13/$A$3 -> 0.13831776 | D13: 2589000 | E13: 1862000 | F13: 1505000 | G13: 1284000 | H13: 1131000
B14: 3800000 | C14: =B14/$A$3 -> 0.14205607 | D14: 2579000 | E14: 1855000 | F14: 1499000 | G14: 1279000 | H14: 1127000
B15: 3900000 | C15: =B15/$A$3 -> 0.14579439 | D15: 2569000 | E15: 1848000 | F15: 1493000 | G15: 1274000 | H15: 1123000
... B75: 9900000 | C75: =B75/$A$3 -> 0.37009346 | D75: 1969000 | E75: 1428000 | F75: 1133000 | G75: 974000 | H75: 883000
D76: 1959000 | E76: 1421000 | F76: 1127000 | G76: 969000 | H76: 879000
D77: 1949000 | E77: 1414000 | F77: 1121000 | G77: 964000 | H77: 875000
D78: 1939000 | E78: 1407000 | F78: 1115000 | G78: 959000 | H78: 871000
D79: 1929000 | E79: 1400000 | F79: 1109000 | G79: 954000 | H79: 867000
D80: 1919000 | E80: 1393000 | F80: 1103000 | G80: 949000 | H80: 863000
D81: 1909000 | E81: 1386000 | F81: 1097000 | G81: 944000 | H81: 859000
D82: 1899000 | E82: 1379000 | F82: 1091000 | G82: 939000 | H82: 855000
D83: 1889000 | E83: 1372000 | F83: 1085000 | G83: 934000 | H83: 851000
D84: 1879000 | E84: 1365000 | F84: 1079000 | G84: 929000 | H84: 847000
D85: 1869000 | E85: 1358000 | F85: 1073000 | G85: 924000 | H85: 843000
D86: 1859000 | E86: 1351000 | F86: 1067000 | G86: 919000 | H86: 839000
D87: 1849000 | E87: 1344000 | F87: 1061000 | G87: 914000 | H87: 835000
... D100: 1719000 | E100: 1253000 | F100: 983000 | G100: 849000 | H100: 783000

Sheet SONIC STD
A2: Sonic Std | B2: DP | D2: JANGKA WAKTU
D3: 12 | E3: 18 | F3: 24 | G3: 30 | H3: 36
A4: =OTR!E66 -> 29425000 | B4: 3000000 | C4: =B4/$A$4 -> 0.10195412 | D4: 2931000 | E4: 2084000 | F4: 1719000 | G4: 1455000 | H4: 1259000
B5: 3100000 | C5: =B5/$A$4 -> 0.10535259 | D5: 2921000 | E5: 2077000 | F5: 1713000 | G5: 1450000 | H5: 1255000
B6: 3200000 | C6: =B6/$A$4 -> 0.10875106 | D6: 2911000 | E6: 2070000 | F6: 1707000 | G6: 1445000 | H6: 1251000
B7: 3300000 | C7: =B7/$A$4 -> 0.11214953 | D7: 2901000 | E7: 2063000 | F7: 1701000 | G7: 1440000 | H7: 1247000
B8: 3400000 | C8: =B8/$A$4 -> 0.115548 | D8: 2891000 | E8: 2056000 | F8: 1695000 | G8: 1435000 | H8: 1243000
B9: 3500000 | C9: =B9/$A$4 -> 0.11894647 | D9: 2881000 | E9: 2049000 | F9: 1689000 | G9: 1430000 | H9: 1239000
B10: 3600000 | C10: =B10/$A$4 -> 0.12234494 | D10: 2871000 | E10: 2042000 | F10: 1683000 | G10: 1425000 | H10: 1235000
B11: 3700000 | C11: =B11/$A$4 -> 0.12574342 | D11: 2861000 | E11: 2035000 | F11: 1677000 | G11: 1420000 | H11: 1231000
B12: 3800000 | C12: =B12/$A$4 -> 0.12914189 | D12: 2851000 | E12: 2028000 | F12: 1671000 | G12: 1415000 | H12: 1227000
B13: 3900000 | C13: =B13/$A$4 -> 0.13254036 | D13: 2841000 | E13: 2021000 | F13: 1665000 | G13: 1410000 | H13: 1223000
B14: 4000000 | C14: =B14/$A$4 -> 0.13593883 | D14: 2831000 | E14: 2014000 | F14: 1659000 | G14: 1405000 | H14: 1219000
B15: 4100000 | C15: =B15/$A$4 -> 0.1393373 | D15: 2821000 | E15: 2007000 | F15: 1653000 | G15: 1400000 | H15: 1215000
B16: 4200000 | C16: =B16/$A$4 -> 0.14273577 | D16: 2811000 | E16: 2000000 | F16: 1647000 | G16: 1395000 | H16: 1211000
... B103: 12900000 | C103: =B103/$A$4 -> 0.43840272 | D103: 1941000 | E103: 1391000 | F103: 1125000 | G103: 960000 | H103: 863000
D104: 1931000 | E104: 1384000 | F104: 1119000 | G104: 955000 | H104: 859000
D105: 1921000 | E105: 1377000 | F105: 1113000 | G105: 950000 | H105: 855000
D106: 1911000 | E106: 1370000 | F106: 1107000 | G106: 945000 | H106: 851000
D107: 1901000 | E107: 1363000 | F107: 1101000 | G107: 940000 | H107: 847000
D108: 1891000 | E108: 1356000 | F108: 1095000 | G108: 935000 | H108: 843000

Sheet SONIC RACING
A2: Sonic Racing (RD & BK) | B2: DP | D2: JANGKA WAKTU
D3: 12 | E3: 18 | F3: 24 | G3: 30 | H3: 36
A4: =OTR!E67 -> 29825000 | B4: 3000000 | C4: =B4/$A$4 -> 0.10058676 | D4: 2971000 | E4: 2111000 | F4: 1741000 | G4: 1473000 | H4: 1275000
B5: 3100000 | C5: =B5/$A$4 -> 0.10393965 | D5: 2961000 | E5: 2104000 | F5: 1735000 | G5: 1468000 | H5: 1271000
B6: 3200000 | C6: =B6/$A$4 -> 0.10729254 | D6: 2951000 | E6: 2097000 | F6: 1729000 | G6: 1463000 | H6: 1267000
B7: 3300000 | C7: =B7/$A$4 -> 0.11064543 | D7: 2941000 | E7: 2090000 | F7: 1723000 | G7: 1458000 | H7: 1263000
B8: 3400000 | C8: =B8/$A$4 -> 0.11399832 | D8: 2931000 | E8: 2083000 | F8: 1717000 | G8: 1453000 | H8: 1259000
B9: 3500000 | C9: =B9/$A$4 -> 0.11735122 | D9: 2921000 | E9: 2076000 | F9: 1711000 | G9: 1448000 | H9: 1255000
B10: 3600000 | C10: =B10/$A$4 -> 0.12070411 | D10: 2911000 | E10: 2069000 | F10: 1705000 | G10: 1443000 | H10: 1251000
B11: 3700000 | C11: =B11/$A$4 -> 0.124057 | D11: 2901000 | E11: 2062000 | F11: 1699000 | G11: 1438000 | H11: 1247000
B12: 3800000 | C12: =B12/$A$4 -> 0.12740989 | D12: 2891000 | E12: 2055000 | F12: 1693000 | G12: 1433000 | H12: 1243000
B13: 3900000 | C13: =B13/$A$4 -> 0.13076278 | D13: 2881000 | E13: 2048000 | F13: 1687000 | G13: 1428000 | H13: 1239000
B14: 4000000 | C14: =B14/$A$4 -> 0.13411567 | D14: 2871000 | E14: 2041000 | F14: 1681000 | G14: 1423000 | H14: 1235000
B15: 4100000 | C15: =B15/$A$4 -> 0.13746857 | D15: 2861000 | E15: 2034000 | F15: 1675000 | G15: 1418000 | H15: 1231000
B16: 4200000 | C16: =B16/$A$4 -> 0.14082146 | D16: 2851000 | E16: 2027000 | F16: 1669000 | G16: 1413000 | H16: 1227000
... B105: 13100000 | C105: =B105/$A$4 -> 0.43922883 | D105: 1961000 | E105: 1404000 | F105: 1135000 | G105: 968000 | H105: 871000
D106: 1951000 | E106: 1397000 | F106: 1129000 | G106: 963000 | H106: 867000
D107: 1941000 | E107: 1390000 | F107: 1123000 | G107: 958000 | H107: 863000
D108: 1931000 | E108: 1383000 | F108: 1117000 | G108: 953000 | H108: 859000
D109: 1921000 | E109: 1376000 | F109: 1111000 | G109: 948000 | H109: 855000
D110: 1911000 | E110: 1369000 | F110: 1105000 | G110: 943000 | H110: 851000

Sheet CRF 150 
A1: CRF 150 | B1: DP | C1: % DP | D1: JANGKA WAKTU
D2: 12 | E2: 18 | F2: 24 | G2: 30 | H2: 36
A3: =OTR!E29 -> 38675000 | B3: 3900000 | C3: =B3/$A$3 -> 0.10084034 | D3: 3863000 | E3: 2830000 | F3: 2172000 | G3: 1845000 | H3: 1670000
B4: 4000000 | C4: =B4/$A$3 -> 0.10342599 | D4: 3853000 | E4: 2822000 | F4: 2167000 | G4: 1841000 | H4: 1666000
B5: 4100000 | C5: =B5/$A$3 -> 0.10601164 | D5: 3843000 | E5: 2814000 | F5: 2162000 | G5: 1837000 | H5: 1662000
B6: 4200000 | C6: =B6/$A$3 -> 0.10859729 | D6: 3833000 | E6: 2806000 | F6: 2157000 | G6: 1833000 | H6: 1658000
B7: 4300000 | C7: =B7/$A$3 -> 0.11118293 | D7: 3823000 | E7: 2798000 | F7: 2152000 | G7: 1829000 | H7: 1654000
B8: 4400000 | C8: =B8/$A$3 -> 0.11376858 | D8: 3813000 | E8: 2790000 | F8: 2147000 | G8: 1825000 | H8: 1650000
B9: 4500000 | C9: =B9/$A$3 -> 0.11635423 | D9: 3803000 | E9: 2782000 | F9: 2142000 | G9: 1821000 | H9: 1646000
B10: 4600000 | C10: =B10/$A$3 -> 0.11893988 | D10: 3793000 | E10: 2774000 | F10: 2137000 | G10: 1817000 | H10: 1642000
B11: 4700000 | C11: =B11/$A$3 -> 0.12152553 | D11: 3783000 | E11: 2766000 | F11: 2132000 | G11: 1813000 | H11: 1638000
B12: 4800000 | C12: =B12/$A$3 -> 0.12411118 | D12: 3773000 | E12: 2758000 | F12: 2127000 | G12: 1809000 | H12: 1634000
B13: 4900000 | C13: =B13/$A$3 -> 0.12669683 | D13: 3763000 | E13: 2750000 | F13: 2122000 | G13: 1805000 | H13: 1630000
B14: 5000000 | C14: =B14/$A$3 -> 0.12928248 | D14: 3753000 | E14: 2742000 | F14: 2117000 | G14: 1801000 | H14: 1626000
B15: 5100000 | C15: =B15/$A$3 -> 0.13186813 | D15: 3743000 | E15: 2734000 | F15: 2112000 | G15: 1797000 | H15: 1622000
... B117: 15300000 | C117: =B117/$A$3 -> 0.3956044 | D117: 2723000 | E117: 1918000 | F117: 1602000 | G117: 1389000 | H117: 1214000
D118: 2713000 | E118: 1910000 | F118: 1597000 | G118: 1385000 | H118: 1210000
D119: 2703000 | E119: 1902000 | F119: 1592000 | G119: 1381000 | H119: 1206000
D120: 2693000 | E120: 1894000 | F120: 1587000 | G120: 1377000 | H120: 1202000
D121: 2683000 | E121: 1886000 | F121: 1582000 | G121: 1373000 | H121: 1198000
D122: 2673000 | E122: 1878000 | F122: 1577000 | G122: 1369000 | H122: 1194000
D123: 2663000 | E123: 1870000 | F123: 1572000 | G123: 1365000 | H123: 1190000
D124: 2653000 | E124: 1862000 | F124: 1567000 | G124: 1361000 | H124: 1186000
D125: 2643000 | E125: 1854000 | F125: 1562000 | G125: 1357000 | H125: 1182000
D126: 2633000 | E126: 1846000 | F126: 1557000 | G126: 1353000 | H126: 1178000
D127: 2623000 | E127: 1838000 | F127: 1552000 | G127: 1349000 | H127: 1174000
D128: 2613000 | E128: 1830000 | F128: 1547000 | G128: 1345000 | H128: 1170000
D129: 2603000 | E129: 1822000 | F129: 1542000 | G129: 1341000 | H129: 1166000
... D147: 2423000 | E147: 1678000 | F147: 1452000 | G147: 1269000 | H147: 1094000

Sheet CBR150R Std (BK Matte) 
A1: CBR150R Std (BK Matte) | B1: DP | C1: % DP | D1: JANGKA WAKTU
D2: 12 | E2: 18 | F2: 24 | G2: 30 | H2: 36
A3: =OTR!E59 -> 40425000 | B3: 4100000 | C3: =B3/$A$3 -> 0.10142239 | D3: 3882000 | E3: 2782000 | F3: 2182000 | G3: 1876000 | H3: 1663000
B4: 4200000 | C4: =B4/$A$3 -> 0.1038961 | D4: 3872000 | E4: 2775000 | F4: 2177000 | G4: 1871000 | H4: 1659000
B5: 4300000 | C5: =B5/$A$3 -> 0.10636982 | D5: 3862000 | E5: 2768000 | F5: 2172000 | G5: 1866000 | H5: 1655000
B6: 4400000 | C6: =B6/$A$3 -> 0.10884354 | D6: 3852000 | E6: 2761000 | F6: 2167000 | G6: 1861000 | H6: 1651000
B7: 4500000 | C7: =B7/$A$3 -> 0.11131725 | D7: 3842000 | E7: 2754000 | F7: 2162000 | G7: 1856000 | H7: 1647000
B8: 4600000 | C8: =B8/$A$3 -> 0.11379097 | D8: 3832000 | E8: 2747000 | F8: 2157000 | G8: 1851000 | H8: 1643000
B9: 4700000 | C9: =B9/$A$3 -> 0.11626469 | D9: 3822000 | E9: 2740000 | F9: 2152000 | G9: 1846000 | H9: 1639000
B10: 4800000 | C10: =B10/$A$3 -> 0.1187384 | D10: 3812000 | E10: 2733000 | F10: 2147000 | G10: 1841000 | H10: 1635000
B11: 4900000 | C11: =B11/$A$3 -> 0.12121212 | D11: 3802000 | E11: 2726000 | F11: 2142000 | G11: 1836000 | H11: 1631000
B12: 5000000 | C12: =B12/$A$3 -> 0.12368584 | D12: 3792000 | E12: 2719000 | F12: 2137000 | G12: 1831000 | H12: 1627000
B13: 5100000 | C13: =B13/$A$3 -> 0.12615955 | D13: 3782000 | E13: 2712000 | F13: 2132000 | G13: 1826000 | H13: 1623000
B14: 5200000 | C14: =B14/$A$3 -> 0.12863327 | D14: 3772000 | E14: 2705000 | F14: 2127000 | G14: 1821000 | H14: 1619000
B15: 5300000 | C15: =B15/$A$3 -> 0.13110699 | D15: 3762000 | E15: 2698000 | F15: 2122000 | G15: 1816000 | H15: 1615000
... B122: 16000000 | C122: =B122/$A$3 -> 0.39579468 | D122: 2697000 | E122: 1945000 | F122: 1535000 | G122: 1305000 | H122: 1170000
D123: 2687000 | E123: 1938000 | F123: 1530000 | G123: 1300000 | H123: 1166000
D124: 2677000 | E124: 1931000 | F124: 1524000 | G124: 1296000 | H124: 1162000
D125: 2667000 | E125: 1924000 | F125: 1518000 | G125: 1291000 | H125: 1158000
D126: 2657000 | E126: 1917000 | F126: 1513000 | G126: 1286000 | H126: 1154000
D127: 2647000 | E127: 1910000 | F127: 1507000 | G127: 1281000 | H127: 1150000
D128: 2637000 | E128: 1903000 | F128: 1502000 | G128: 1277000 | H128: 1145000
D129: 2627000 | E129: 1896000 | F129: 1496000 | G129: 1272000 | H129: 1141000

Sheet CBR150R Std (HM Matte) 
A1: CBR150R Std (HM Matte) | B1: DP | C1: % DP | D1: JANGKA WAKTU
D2: 12 | E2: 18 | F2: 24 | G2: 30 | H2: 36
A3: =OTR!E58 -> 0 | B3: 4000000 | C3: =B3/$A$3 -> #DIV/0! | D3: 3592000 | E3: 2579000 | F3: 2037000 | G3: 1731000 | H3: 1547000
B4: 4100000 | C4: =B4/$A$3 -> #DIV/0! | D4: 3582000 | E4: 2572000 | F4: 2032000 | G4: 1726000 | H4: 1543000
B5: 4200000 | C5: =B5/$A$3 -> #DIV/0! | D5: 3572000 | E5: 2565000 | F5: 2027000 | G5: 1721000 | H5: 1539000
B6: 4300000 | C6: =B6/$A$3 -> #DIV/0! | D6: 3562000 | E6: 2558000 | F6: 2022000 | G6: 1716000 | H6: 1535000
B7: 4400000 | C7: =B7/$A$3 -> #DIV/0! | D7: 3552000 | E7: 2551000 | F7: 2016000 | G7: 1711000 | H7: 1531000
B8: 4500000 | C8: =B8/$A$3 -> #DIV/0! | D8: 3542000 | E8: 2544000 | F8: 2010000 | G8: 1707000 | H8: 1527000
B9: 4600000 | C9: =B9/$A$3 -> #DIV/0! | D9: 3532000 | E9: 2537000 | F9: 2005000 | G9: 1702000 | H9: 1522000
B10: 4700000 | C10: =B10/$A$3 -> #DIV/0! | D10: 3522000 | E10: 2530000 | F10: 1999000 | G10: 1697000 | H10: 1518000
B11: 4800000 | C11: =B11/$A$3 -> #DIV/0! | D11: 3513000 | E11: 2523000 | F11: 1994000 | G11: 1693000 | H11: 1514000
B12: 4900000 | C12: =B12/$A$3 -> #DIV/0! | D12: 3503000 | E12: 2516000 | F12: 1988000 | G12: 1688000 | H12: 1510000
B13: 5000000 | C13: =B13/$A$3 -> #DIV/0! | D13: 3493000 | E13: 2509000 | F13: 1982000 | G13: 1683000 | H13: 1506000
B14: 5100000 | C14: =B14/$A$3 -> #DIV/0! | D14: 3483000 | E14: 2502000 | F14: 1977000 | G14: 1678000 | H14: 1502000
B15: 5200000 | C15: =B15/$A$3 -> #DIV/0! | D15: 3473000 | E15: 2494000 | F15: 1971000 | G15: 1674000 | H15: 1497000
... B58: 9500000 | C58: =B58/$A$3 -> #DIV/0! | D58: 3045000 | E58: 2192000 | F58: 1731000 | G58: 1470000 | H58: 1317000
B59: 9600000 | D59: 3035000 | E59: 2185000 | F59: 1725000 | G59: 1466000 | H59: 1313000
B60: 9700000 | D60: 3025000 | E60: 2178000 | F60: 1720000 | G60: 1461000 | H60: 1309000
B61: 9800000 | D61: 3015000 | E61: 2171000 | F61: 1714000 | G61: 1456000 | H61: 1305000
B62: 9900000 | D62: 3005000 | E62: 2164000 | F62: 1709000 | G62: 1452000 | H62: 1300000
B63: 10000000 | D63: 2995000 | E63: 2156000 | F63: 1703000 | G63: 1447000 | H63: 1296000
B64: 10100000 | D64: 2985000 | E64: 2149000 | F64: 1697000 | G64: 1442000 | H64: 1292000
B65: 10200000 | D65: 2975000 | E65: 2142000 | F65: 1692000 | G65: 1437000 | H65: 1288000
B66: 10300000 | D66: 2965000 | E66: 2135000 | F66: 1686000 | G66: 1433000 | H66: 1284000
B67: 10400000 | D67: 2956000 | E67: 2128000 | F67: 1681000 | G67: 1428000 | H67: 1279000
B68: 10500000 | D68: 2946000 | E68: 2121000 | F68: 1675000 | G68: 1423000 | H68: 1275000
B69: 10600000 | D69: 2936000 | E69: 2114000 | F69: 1669000 | G69: 1418000 | H69: 1271000
B70: 10700000 | D70: 2926000 | E70: 2107000 | F70: 1664000 | G70: 1414000 | H70: 1267000
... B113: 15000000 | D113: 2498000 | E113: 1804000 | F113: 1423000 | G113: 1211000 | H113: 1087000
D114: 2488000 | E114: 1797000 | F114: 1418000 | G114: 1206000 | H114: 1082000
D115: 2478000 | E115: 1790000 | F115: 1412000 | G115: 1201000 | H115: 1078000

Sheet CBR150R Std (HM) 
A1: CBR150R Std (HM) | B1: DP | C1: % DP | D1: JANGKA WAKTU
D2: 12 | E2: 18 | F2: 24 | G2: 30 | H2: 36
A3: =OTR!E59 -> 40425000 | B3: 4100000 | C3: =B3/$A$3 -> 0.10142239 | D3: 4082000 | E3: 2922000 | F3: 2282000 | G3: 1976000 | H3: 1743000
B4: 4200000 | C4: =B4/$A$3 -> 0.1038961 | D4: 4072000 | E4: 2915000 | F4: 2277000 | G4: 1971000 | H4: 1739000
B5: 4300000 | C5: =B5/$A$3 -> 0.10636982 | D5: 4062000 | E5: 2908000 | F5: 2272000 | G5: 1966000 | H5: 1735000
B6: 4400000 | C6: =B6/$A$3 -> 0.10884354 | D6: 4052000 | E6: 2901000 | F6: 2267000 | G6: 1961000 | H6: 1731000
B7: 4500000 | C7: =B7/$A$3 -> 0.11131725 | D7: 4042000 | E7: 2894000 | F7: 2262000 | G7: 1956000 | H7: 1727000
B8: 4600000 | C8: =B8/$A$3 -> 0.11379097 | D8: 4032000 | E8: 2887000 | F8: 2257000 | G8: 1951000 | H8: 1723000
B9: 4700000 | C9: =B9/$A$3 -> 0.11626469 | D9: 4022000 | E9: 2880000 | F9: 2252000 | G9: 1946000 | H9: 1719000
B10: 4800000 | C10: =B10/$A$3 -> 0.1187384 | D10: 4012000 | E10: 2873000 | F10: 2247000 | G10: 1941000 | H10: 1715000
B11: 4900000 | C11: =B11/$A$3 -> 0.12121212 | D11: 4002000 | E11: 2866000 | F11: 2242000 | G11: 1936000 | H11: 1711000
B12: 5000000 | C12: =B12/$A$3 -> 0.12368584 | D12: 3992000 | E12: 2859000 | F12: 2237000 | G12: 1931000 | H12: 1707000
B13: 5100000 | C13: =B13/$A$3 -> 0.12615955 | D13: 3982000 | E13: 2852000 | F13: 2232000 | G13: 1926000 | H13: 1703000
B14: 5200000 | C14: =B14/$A$3 -> 0.12863327 | D14: 3972000 | E14: 2845000 | F14: 2227000 | G14: 1921000 | H14: 1699000
B15: 5300000 | C15: =B15/$A$3 -> 0.13110699 | D15: 3962000 | E15: 2838000 | F15: 2222000 | G15: 1916000 | H15: 1695000
... B122: 16000000 | C122: =B122/$A$3 -> 0.39579468 | D122: 2896000 | E122: 2086000 | F122: 1647000 | G122: 1400000 | H122: 1254000
D123: 2886000 | E123: 2079000 | F123: 1641000 | G123: 1395000 | H123: 1250000
D124: 2876000 | E124: 2072000 | F124: 1636000 | G124: 1390000 | H124: 1246000
D125: 2866000 | E125: 2065000 | F125: 1630000 | G125: 1385000 | H125: 1242000
D126: 2856000 | E126: 2058000 | F126: 1625000 | G126: 1381000 | H126: 1238000
D127: 2846000 | E127: 2051000 | F127: 1619000 | G127: 1376000 | H127: 1233000
D128: 2836000 | E128: 2044000 | F128: 1613000 | G128: 1371000 | H128: 1229000
D129: 2826000 | E129: 2037000 | F129: 1608000 | G129: 1366000 | H129: 1225000
D130: 2816000 | E130: 2030000 | F130: 1602000 | G130: 1362000 | H130: 1221000
D131: 2806000 | E131: 2023000 | F131: 1597000 | G131: 1357000 | H131: 1217000
D132: 2796000 | E132: 2016000 | F132: 1591000 | G132: 1352000 | H132: 1212000
D133: 2786000 | E133: 2009000 | F133: 1586000 | G133: 1348000 | H133: 1208000
D134: 2776000 | E134: 2002000 | F134: 1580000 | G134: 1343000 | H134: 1204000
... D149: 2627000 | E149: 1896000 | F149: 1496000 | G149: 1272000 | H149: 1141000

Sheet CBR150R Std (MP & RD)
A1: CBR150R Std (MP / RD) | B1: DP | C1: % DP | D1: JANGKA WAKTU
D2: 12 | E2: 18 | F2: 24 | G2: 30 | H2: 36
A3: =OTR!E60 -> 0 | B3: 4100000 | C3: =B3/$A$3 -> #DIV/0! | D3: 4072000 | E3: 2916000 | F3: 2281000 | G3: 1923000 | H3: 1741000
B4: 4200000 | C4: =B4/$A$3 -> #DIV/0! | D4: 4062000 | E4: 2909000 | F4: 2276000 | G4: 1919000 | H4: 1737000
B5: 4300000 | C5: =B5/$A$3 -> #DIV/0! | D5: 4052000 | E5: 2902000 | F5: 2271000 | G5: 1915000 | H5: 1733000
B6: 4400000 | C6: =B6/$A$3 -> #DIV/0! | D6: 4042000 | E6: 2895000 | F6: 2266000 | G6: 1911000 | H6: 1729000
B7: 4500000 | C7: =B7/$A$3 -> #DIV/0! | D7: 4032000 | E7: 2888000 | F7: 2261000 | G7: 1907000 | H7: 1725000
B8: 4600000 | C8: =B8/$A$3 -> #DIV/0! | D8: 4022000 | E8: 2881000 | F8: 2256000 | G8: 1903000 | H8: 1721000
B9: 4700000 | C9: =B9/$A$3 -> #DIV/0! | D9: 4012000 | E9: 2874000 | F9: 2251000 | G9: 1899000 | H9: 1717000
B10: 4800000 | C10: =B10/$A$3 -> #DIV/0! | D10: 4002000 | E10: 2867000 | F10: 2246000 | G10: 1895000 | H10: 1713000
B11: 4900000 | C11: =B11/$A$3 -> #DIV/0! | D11: 3992000 | E11: 2860000 | F11: 2241000 | G11: 1891000 | H11: 1709000
B12: 5000000 | C12: =B12/$A$3 -> #DIV/0! | D12: 3982000 | E12: 2853000 | F12: 2236000 | G12: 1887000 | H12: 1705000
B13: 5100000 | C13: =B13/$A$3 -> #DIV/0! | D13: 3972000 | E13: 2846000 | F13: 2231000 | G13: 1883000 | H13: 1701000
B14: 5200000 | C14: =B14/$A$3 -> #DIV/0! | D14: 3962000 | E14: 2839000 | F14: 2226000 | G14: 1879000 | H14: 1697000
B15: 5300000 | C15: =B15/$A$3 -> #DIV/0! | D15: 3952000 | E15: 2832000 | F15: 2221000 | G15: 1875000 | H15: 1693000
... B125: 16300000 | C125: =B125/$A$3 -> #DIV/0! | D125: 2857000 | E125: 2058000 | F125: 1625000 | G125: 1420000 | H125: 1238000
D126: 2847000 | E126: 2051000 | F126: 1620000 | G126: 1416000 | H126: 1234000
D127: 2837000 | E127: 2044000 | F127: 1614000 | G127: 1412000 | H127: 1230000
D128: 2827000 | E128: 2037000 | F128: 1608000 | G128: 1407000 | H128: 1225000
D129: 2817000 | E129: 2030000 | F129: 1603000 | G129: 1403000 | H129: 1221000
D130: 2807000 | E130: 2023000 | F130: 1597000 | G130: 1399000 | H130: 1217000
D131: 2797000 | E131: 2016000 | F131: 1592000 | G131: 1395000 | H131: 1213000
D132: 2787000 | E132: 2009000 | F132: 1586000 | G132: 1391000 | H132: 1209000
D133: 2777000 | E133: 2002000 | F133: 1580000 | G133: 1386000 | H133: 1204000
D134: 2767000 | E134: 1995000 | F134: 1575000 | G134: 1382000 | H134: 1200000
D135: 2757000 | E135: 1988000 | F135: 1569000 | G135: 1378000 | H135: 1196000
D136: 2747000 | E136: 1981000 | F136: 1564000 | G136: 1374000 | H136: 1192000
D137: 2737000 | E137: 1974000 | F137: 1558000 | G137: 1370000 | H137: 1188000
... D144: 2668000 | E144: 1925000 | F144: 1519000 | G144: 1340000 | H144: 1158000

Sheet CBR150R ABS (HM) 
A1: CBR150R ABS (HM) | B1: DP | C1: % DP | D1: JANGKA WAKTU
D2: 12 | E2: 18 | F2: 24 | G2: 30 | H2: 36
A3: =OTR!E62 -> 44475000 | B3: 4500000 | C3: =B3/$A$3 -> 0.10118044 | D3: 4454000 | E3: 3187000 | F3: 2491000 | G3: 2158000 | H3: 1905000
B4: 4600000 | C4: =B4/$A$3 -> 0.10342889 | D4: 4444000 | E4: 3180000 | F4: 2486000 | G4: 2153000 | H4: 1901000
B5: 4700000 | C5: =B5/$A$3 -> 0.10567735 | D5: 4434000 | E5: 3173000 | F5: 2481000 | G5: 2148000 | H5: 1897000
B6: 4800000 | C6: =B6/$A$3 -> 0.1079258 | D6: 4424000 | E6: 3166000 | F6: 2476000 | G6: 2143000 | H6: 1893000
B7: 4900000 | C7: =B7/$A$3 -> 0.11017426 | D7: 4414000 | E7: 3159000 | F7: 2471000 | G7: 2138000 | H7: 1889000
B8: 5000000 | C8: =B8/$A$3 -> 0.11242271 | D8: 4404000 | E8: 3152000 | F8: 2466000 | G8: 2133000 | H8: 1885000
B9: 5100000 | C9: =B9/$A$3 -> 0.11467116 | D9: 4394000 | E9: 3145000 | F9: 2461000 | G9: 2128000 | H9: 1881000
B10: 5200000 | C10: =B10/$A$3 -> 0.11691962 | D10: 4384000 | E10: 3138000 | F10: 2456000 | G10: 2123000 | H10: 1877000
B11: 5300000 | C11: =B11/$A$3 -> 0.11916807 | D11: 4374000 | E11: 3131000 | F11: 2451000 | G11: 2118000 | H11: 1873000
B12: 5400000 | C12: =B12/$A$3 -> 0.12141653 | D12: 4364000 | E12: 3124000 | F12: 2446000 | G12: 2113000 | H12: 1869000
B13: 5500000 | C13: =B13/$A$3 -> 0.12366498 | D13: 4354000 | E13: 3117000 | F13: 2441000 | G13: 2108000 | H13: 1865000
B14: 5600000 | C14: =B14/$A$3 -> 0.12591343 | D14: 4344000 | E14: 3110000 | F14: 2436000 | G14: 2103000 | H14: 1861000
B15: 5700000 | C15: =B15/$A$3 -> 0.12816189 | D15: 4334000 | E15: 3103000 | F15: 2431000 | G15: 2098000 | H15: 1857000
... B131: 17300000 | C131: =B131/$A$3 -> 0.38898257 | D131: 3178000 | E131: 2288000 | F131: 1806000 | G131: 1539000 | H131: 1378000
D132: 3168000 | E132: 2281000 | F132: 1801000 | G132: 1534000 | H132: 1374000
D133: 3158000 | E133: 2274000 | F133: 1795000 | G133: 1530000 | H133: 1370000
D134: 3148000 | E134: 2267000 | F134: 1790000 | G134: 1525000 | H134: 1366000
D135: 3138000 | E135: 2260000 | F135: 1784000 | G135: 1520000 | H135: 1362000
D136: 3128000 | E136: 2253000 | F136: 1778000 | G136: 1516000 | H136: 1358000
D137: 3118000 | E137: 2246000 | F137: 1773000 | G137: 1511000 | H137: 1353000
D138: 3108000 | E138: 2239000 | F138: 1767000 | G138: 1506000 | H138: 1349000
D139: 3098000 | E139: 2232000 | F139: 1762000 | G139: 1501000 | H139: 1345000
D140: 3089000 | E140: 2225000 | F140: 1756000 | G140: 1497000 | H140: 1341000
D141: 3079000 | E141: 2217000 | F141: 1750000 | G141: 1492000 | H141: 1337000
D142: 3069000 | E142: 2210000 | F142: 1745000 | G142: 1487000 | H142: 1332000
D143: 3059000 | E143: 2203000 | F143: 1739000 | G143: 1482000 | H143: 1328000
... D159: 2900000 | E159: 2091000 | F159: 1650000 | G159: 1407000 | H159: 1261000

Sheet CBR150R ABS (BK Matte) 
A1: CBR150R ABS (BK Matte) | B1: DP | C1: % DP | D1: JANGKA WAKTU
D2: 12 | E2: 18 | F2: 24 | G2: 30 | H2: 36
A3: =OTR!E62 -> 44475000 | B3: 4500000 | C3: =B3/$A$3 -> 0.10118044 | D3: 4264000 | E3: 3054000 | F3: 2396000 | G3: 2063000 | H3: 1829000
B4: 4600000 | C4: =B4/$A$3 -> 0.10342889 | D4: 4254000 | E4: 3047000 | F4: 2391000 | G4: 2058000 | H4: 1825000
B5: 4700000 | C5: =B5/$A$3 -> 0.10567735 | D5: 4244000 | E5: 3040000 | F5: 2386000 | G5: 2053000 | H5: 1821000
B6: 4800000 | C6: =B6/$A$3 -> 0.1079258 | D6: 4234000 | E6: 3033000 | F6: 2381000 | G6: 2048000 | H6: 1817000
B7: 4900000 | C7: =B7/$A$3 -> 0.11017426 | D7: 4224000 | E7: 3026000 | F7: 2376000 | G7: 2043000 | H7: 1813000
B8: 5000000 | C8: =B8/$A$3 -> 0.11242271 | D8: 4214000 | E8: 3019000 | F8: 2371000 | G8: 2038000 | H8: 1809000
B9: 5100000 | C9: =B9/$A$3 -> 0.11467116 | D9: 4204000 | E9: 3012000 | F9: 2366000 | G9: 2033000 | H9: 1805000
B10: 5200000 | C10: =B10/$A$3 -> 0.11691962 | D10: 4194000 | E10: 3005000 | F10: 2361000 | G10: 2028000 | H10: 1801000
B11: 5300000 | C11: =B11/$A$3 -> 0.11916807 | D11: 4184000 | E11: 2998000 | F11: 2356000 | G11: 2023000 | H11: 1797000
B12: 5400000 | C12: =B12/$A$3 -> 0.12141653 | D12: 4174000 | E12: 2991000 | F12: 2351000 | G12: 2018000 | H12: 1793000
B13: 5500000 | C13: =B13/$A$3 -> 0.12366498 | D13: 4164000 | E13: 2984000 | F13: 2346000 | G13: 2013000 | H13: 1789000
B14: 5600000 | C14: =B14/$A$3 -> 0.12591343 | D14: 4154000 | E14: 2977000 | F14: 2341000 | G14: 2008000 | H14: 1785000
B15: 5700000 | C15: =B15/$A$3 -> 0.12816189 | D15: 4144000 | E15: 2970000 | F15: 2336000 | G15: 2003000 | H15: 1781000
... B134: 17600000 | C134: =B134/$A$3 -> 0.39572794 | D134: 2959000 | E134: 2133000 | F134: 1683000 | G134: 1435000 | H134: 1286000
D135: 2949000 | E135: 2126000 | F135: 1678000 | G135: 1430000 | H135: 1282000
D136: 2939000 | E136: 2119000 | F136: 1672000 | G136: 1426000 | H136: 1278000
D137: 2929000 | E137: 2112000 | F137: 1667000 | G137: 1421000 | H137: 1274000
D138: 2919000 | E138: 2105000 | F138: 1661000 | G138: 1416000 | H138: 1270000
D139: 2909000 | E139: 2098000 | F139: 1655000 | G139: 1412000 | H139: 1265000
D140: 2900000 | E140: 2091000 | F140: 1650000 | G140: 1407000 | H140: 1261000
D141: 2890000 | E141: 2084000 | F141: 1644000 | G141: 1402000 | H141: 1257000
D142: 2880000 | E142: 2077000 | F142: 1639000 | G142: 1397000 | H142: 1253000
D143: 2870000 | E143: 2070000 | F143: 1634000 | G143: 1392000 | H143: 1249000

Sheet CBR150R ABS (MP) 
A1: CBR150R ABS (MP) | B1: DP | C1: % DP | D1: JANGKA WAKTU
D2: 12 | E2: 18 | F2: 24 | G2: 30 | H2: 36
A3: 44187000 | B3: 4500000 | C3: =B3/$A$3 -> 0.10183991 | D3: 4314000 | E3: 3090000 | F3: 2459000 | G3: 2087000 | H3: 1851000
B4: 4600000 | C4: =B4/$A$3 -> 0.10410302 | D4: 4304000 | E4: 3083000 | F4: 2453000 | G4: 2082000 | H4: 1847000
B5: 4700000 | C5: =B5/$A$3 -> 0.10636613 | D5: 4294000 | E5: 3076000 | F5: 2447000 | G5: 2077000 | H5: 1843000
B6: 4800000 | C6: =B6/$A$3 -> 0.10862923 | D6: 4284000 | E6: 3069000 | F6: 2441000 | G6: 2072000 | H6: 1839000
B7: 4900000 | C7: =B7/$A$3 -> 0.11089234 | D7: 4274000 | E7: 3062000 | F7: 2435000 | G7: 2067000 | H7: 1835000
B8: 5000000 | C8: =B8/$A$3 -> 0.11315545 | D8: 4264000 | E8: 3055000 | F8: 2429000 | G8: 2062000 | H8: 1831000
B9: 5100000 | C9: =B9/$A$3 -> 0.11541856 | D9: 4254000 | E9: 3048000 | F9: 2423000 | G9: 2057000 | H9: 1827000
B10: 5200000 | C10: =B10/$A$3 -> 0.11768167 | D10: 4244000 | E10: 3041000 | F10: 2417000 | G10: 2052000 | H10: 1823000
B11: 5300000 | C11: =B11/$A$3 -> 0.11994478 | D11: 4234000 | E11: 3034000 | F11: 2411000 | G11: 2047000 | H11: 1819000
B12: 5400000 | C12: =B12/$A$3 -> 0.12220789 | D12: 4224000 | E12: 3027000 | F12: 2405000 | G12: 2042000 | H12: 1815000
B13: 5500000 | C13: =B13/$A$3 -> 0.124471 | D13: 4214000 | E13: 3020000 | F13: 2399000 | G13: 2037000 | H13: 1811000
B14: 5600000 | C14: =B14/$A$3 -> 0.12673411 | D14: 4204000 | E14: 3013000 | F14: 2393000 | G14: 2032000 | H14: 1807000
B15: 5700000 | C15: =B15/$A$3 -> 0.12899722 | D15: 4194000 | E15: 3006000 | F15: 2387000 | G15: 2027000 | H15: 1803000
... B133: 17500000 | C133: =B133/$A$3 -> 0.39604409 | D133: 3019000 | E133: 2176000 | F133: 1719000 | G133: 1464000 | H133: 1312000
D134: 3010000 | E134: 2169000 | F134: 1714000 | G134: 1460000 | H134: 1308000
D135: 3000000 | E135: 2162000 | F135: 1708000 | G135: 1455000 | H135: 1304000
D136: 2990000 | E136: 2155000 | F136: 1703000 | G136: 1450000 | H136: 1300000
D137: 2980000 | E137: 2148000 | F137: 1697000 | G137: 1445000 | H137: 1295000
D138: 2970000 | E138: 2141000 | F138: 1692000 | G138: 1441000 | H138: 1291000
D139: 2960000 | E139: 2134000 | F139: 1687000 | G139: 1437000 | H139: 1287000
D140: 2950000 | E140: 2127000 | F140: 1682000 | G140: 1433000 | H140: 1283000

Sheet CBR150R ABS (OP) 
A1: CBR150R ABS (OP) | B1: DP | C1: % DP | D1: JANGKA WAKTU
D2: 12 | E2: 18 | F2: 24 | G2: 30 | H2: 36
A3: 44187000 | B3: 4500000 | C3: =B3/$A$3 -> 0.10183991 | D3: 4284000 | E3: 3069000 | F3: 2441000 | G3: 2072000 | H3: 1839000
B4: 4600000 | C4: =B4/$A$3 -> 0.10410302 | D4: 4274000 | E4: 3062000 | F4: 2435000 | G4: 2067000 | H4: 1835000
B5: 4700000 | C5: =B5/$A$3 -> 0.10636613 | D5: 4264000 | E5: 3055000 | F5: 2429000 | G5: 2062000 | H5: 1831000
B6: 4800000 | C6: =B6/$A$3 -> 0.10862923 | D6: 4254000 | E6: 3048000 | F6: 2423000 | G6: 2057000 | H6: 1827000
B7: 4900000 | C7: =B7/$A$3 -> 0.11089234 | D7: 4244000 | E7: 3041000 | F7: 2417000 | G7: 2052000 | H7: 1823000
B8: 5000000 | C8: =B8/$A$3 -> 0.11315545 | D8: 4234000 | E8: 3034000 | F8: 2411000 | G8: 2047000 | H8: 1819000
B9: 5100000 | C9: =B9/$A$3 -> 0.11541856 | D9: 4224000 | E9: 3027000 | F9: 2405000 | G9: 2042000 | H9: 1815000
B10: 5200000 | C10: =B10/$A$3 -> 0.11768167 | D10: 4214000 | E10: 3020000 | F10: 2399000 | G10: 2037000 | H10: 1811000
B11: 5300000 | C11: =B11/$A$3 -> 0.11994478 | D11: 4204000 | E11: 3013000 | F11: 2393000 | G11: 2032000 | H11: 1807000
B12: 5400000 | C12: =B12/$A$3 -> 0.12220789 | D12: 4194000 | E12: 3006000 | F12: 2387000 | G12: 2027000 | H12: 1803000
B13: 5500000 | C13: =B13/$A$3 -> 0.124471 | D13: 4184000 | E13: 2999000 | F13: 2381000 | G13: 2022000 | H13: 1799000
B14: 5600000 | C14: =B14/$A$3 -> 0.12673411 | D14: 4174000 | E14: 2992000 | F14: 2375000 | G14: 2017000 | H14: 1795000
B15: 5700000 | C15: =B15/$A$3 -> 0.12899722 | D15: 4164000 | E15: 2985000 | F15: 2369000 | G15: 2012000 | H15: 1791000
... B137: 17900000 | C137: =B137/$A$3 -> 0.40509652 | D137: 2950000 | E137: 2127000 | F137: 1679000 | G137: 1430000 | H137: 1283000
D138: 2940000 | E138: 2120000 | F138: 1674000 | G138: 1426000 | H138: 1279000
D139: 2930000 | E139: 2113000 | F139: 1669000 | G139: 1422000 | H139: 1275000
D140: 2920000 | E140: 2106000 | F140: 1664000 | G140: 1418000 | H140: 1271000
D141: 2910000 | E141: 2099000 | F141: 1659000 | G141: 1414000 | H141: 1267000
D142: 2900000 | E142: 2092000 | F142: 1654000 | G142: 1410000 | H142: 1263000
D143: 2890000 | E143: 2085000 | F143: 1649000 | G143: 1406000 | H143: 1259000
D144: 2880000 | E144: 2078000 | F144: 1644000 | G144: 1402000 | H144: 1255000

Sheet  CB150X STD  
A1: CB150X STD | B1: DP | C1: % DP | D1: JANGKA WAKTU
D2: 12 | E2: 18 | F2: 24 | G2: 30 | H2: 36
A3: =OTR!E78 -> 35875000 | B3: 3600000 | C3: =B3/$A$3 -> 0.10034843 | D3: 3568000 | E3: 2569000 | F3: 2020000 | G3: 1710000 | H3: 1539000
B4: 3700000 | C4: =B4/$A$3 -> 0.10313589 | D4: 3558000 | E4: 2562000 | F4: 2015000 | G4: 1706000 | H4: 1535000
B5: 3800000 | C5: =B5/$A$3 -> 0.10592334 | D5: 3548000 | E5: 2555000 | F5: 2010000 | G5: 1702000 | H5: 1531000
B6: 3900000 | C6: =B6/$A$3 -> 0.1087108 | D6: 3538000 | E6: 2548000 | F6: 2005000 | G6: 1698000 | H6: 1527000
B7: 4000000 | C7: =B7/$A$3 -> 0.11149826 | D7: 3528000 | E7: 2541000 | F7: 2000000 | G7: 1694000 | H7: 1523000
B8: 4100000 | C8: =B8/$A$3 -> 0.11428571 | D8: 3518000 | E8: 2534000 | F8: 1995000 | G8: 1690000 | H8: 1519000
B9: 4200000 | C9: =B9/$A$3 -> 0.11707317 | D9: 3508000 | E9: 2527000 | F9: 1990000 | G9: 1686000 | H9: 1515000
B10: 4300000 | C10: =B10/$A$3 -> 0.11986063 | D10: 3498000 | E10: 2520000 | F10: 1985000 | G10: 1682000 | H10: 1511000
B11: 4400000 | C11: =B11/$A$3 -> 0.12264808 | D11: 3488000 | E11: 2513000 | F11: 1980000 | G11: 1678000 | H11: 1507000
B12: 4500000 | C12: =B12/$A$3 -> 0.12543554 | D12: 3478000 | E12: 2506000 | F12: 1975000 | G12: 1674000 | H12: 1503000
B13: 4600000 | C13: =B13/$A$3 -> 0.128223 | D13: 3468000 | E13: 2499000 | F13: 1970000 | G13: 1670000 | H13: 1499000
B14: 4700000 | C14: =B14/$A$3 -> 0.13101045 | D14: 3458000 | E14: 2492000 | F14: 1965000 | G14: 1666000 | H14: 1495000
B15: 4800000 | C15: =B15/$A$3 -> 0.13379791 | D15: 3448000 | E15: 2485000 | F15: 1960000 | G15: 1662000 | H15: 1491000
... B109: 14200000 | C109: =B109/$A$3 -> 0.39581882 | D109: 2508000 | E109: 1827000 | F109: 1490000 | G109: 1286000 | H109: 1115000
D110: 2498000 | E110: 1820000 | F110: 1485000 | G110: 1282000 | H110: 1111000
D111: 2488000 | E111: 1813000 | F111: 1480000 | G111: 1278000 | H111: 1107000
D112: 2478000 | E112: 1806000 | F112: 1475000 | G112: 1274000 | H112: 1103000
D113: 2468000 | E113: 1799000 | F113: 1470000 | G113: 1270000 | H113: 1099000
D114: 2458000 | E114: 1792000 | F114: 1465000 | G114: 1266000 | H114: 1095000
D115: 2448000 | E115: 1785000 | F115: 1460000 | G115: 1262000 | H115: 1091000
D116: 2438000 | E116: 1778000 | F116: 1455000 | G116: 1258000 | H116: 1087000
D117: 2428000 | E117: 1771000 | F117: 1450000 | G117: 1254000 | H117: 1083000
D118: 2418000 | E118: 1764000 | F118: 1445000 | G118: 1250000 | H118: 1079000

Sheet  CB150X SE  
A1: CB150X SE | B1: DP | C1: % DP | D1: JANGKA WAKTU
D2: 12 | E2: 18 | F2: 24 | G2: 30 | H2: 36
A3: =OTR!E77 -> 36375000 | B3: 3700000 | C3: =B3/$A$3 -> 0.10171821 | D3: 3638000 | E3: 2618000 | F3: 2053000 | G3: 1736000 | H3: 1567000
B4: 3800000 | C4: =B4/$A$3 -> 0.10446735 | D4: 3628000 | E4: 2611000 | F4: 2048000 | G4: 1732000 | H4: 1563000
B5: 3900000 | C5: =B5/$A$3 -> 0.10721649 | D5: 3618000 | E5: 2604000 | F5: 2043000 | G5: 1728000 | H5: 1559000
B6: 4000000 | C6: =B6/$A$3 -> 0.10996564 | D6: 3608000 | E6: 2597000 | F6: 2038000 | G6: 1724000 | H6: 1555000
B7: 4100000 | C7: =B7/$A$3 -> 0.11271478 | D7: 3598000 | E7: 2590000 | F7: 2033000 | G7: 1720000 | H7: 1551000
B8: 4200000 | C8: =B8/$A$3 -> 0.11546392 | D8: 3588000 | E8: 2583000 | F8: 2028000 | G8: 1716000 | H8: 1547000
B9: 4300000 | C9: =B9/$A$3 -> 0.11821306 | D9: 3578000 | E9: 2576000 | F9: 2023000 | G9: 1712000 | H9: 1543000
B10: 4400000 | C10: =B10/$A$3 -> 0.1209622 | D10: 3568000 | E10: 2569000 | F10: 2018000 | G10: 1708000 | H10: 1539000
B11: 4500000 | C11: =B11/$A$3 -> 0.12371134 | D11: 3558000 | E11: 2562000 | F11: 2013000 | G11: 1704000 | H11: 1535000
B12: 4600000 | C12: =B12/$A$3 -> 0.12646048 | D12: 3548000 | E12: 2555000 | F12: 2008000 | G12: 1700000 | H12: 1531000
B13: 4700000 | C13: =B13/$A$3 -> 0.12920962 | D13: 3538000 | E13: 2548000 | F13: 2003000 | G13: 1696000 | H13: 1527000
B14: 4800000 | C14: =B14/$A$3 -> 0.13195876 | D14: 3528000 | E14: 2541000 | F14: 1998000 | G14: 1692000 | H14: 1523000
B15: 4900000 | C15: =B15/$A$3 -> 0.1347079 | D15: 3518000 | E15: 2534000 | F15: 1993000 | G15: 1688000 | H15: 1519000
... B110: 14400000 | C110: =B110/$A$3 -> 0.39587629 | D110: 2568000 | E110: 1869000 | F110: 1518000 | G110: 1308000 | H110: 1139000
D111: 2558000 | E111: 1862000 | F111: 1513000 | G111: 1304000 | H111: 1135000
D112: 2548000 | E112: 1855000 | F112: 1508000 | G112: 1300000 | H112: 1131000
D113: 2538000 | E113: 1848000 | F113: 1503000 | G113: 1296000 | H113: 1127000
D114: 2528000 | E114: 1841000 | F114: 1498000 | G114: 1292000 | H114: 1123000
D115: 2518000 | E115: 1834000 | F115: 1493000 | G115: 1288000 | H115: 1119000
D116: 2508000 | E116: 1827000 | F116: 1488000 | G116: 1284000 | H116: 1115000
D117: 2498000 | E117: 1820000 | F117: 1483000 | G117: 1280000 | H117: 1111000
D118: 2488000 | E118: 1813000 | F118: 1478000 | G118: 1276000 | H118: 1107000
D119: 2478000 | E119: 1806000 | F119: 1473000 | G119: 1272000 | H119: 1103000
D120: 2468000 | E120: 1799000 | F120: 1468000 | G120: 1268000 | H120: 1099000
D121: 2458000 | E121: 1792000 | F121: 1463000 | G121: 1264000 | H121: 1095000
D122: 2448000 | E122: 1785000 | F122: 1458000 | G122: 1260000 | H122: 1091000
... D124: 2428000 | E124: 1771000 | F124: 1448000 | G124: 1252000 | H124: 1083000

Sheet VARIO 160 CBS
A1: VARIO 160 CBS | B1: DP | C1: % DP | D1: JANGKA WAKTU
D2: 12 | E2: 18 | F2: 24 | G2: 30 | H2: 36
A3: =OTR!E79 -> 29500000 | B3: 3000000 | C3: =B3/$A$3 -> 0.10169492 | D3: 3051000 | E3: 2194000 | F3: 1747000 | G3: 1482000 | H3: 1331000
B4: 3100000 | C4: =B4/$A$3 -> 0.10508475 | D4: 3041000 | E4: 2187000 | F4: 1742000 | G4: 1478000 | H4: 1327000
B5: 3200000 | C5: =B5/$A$3 -> 0.10847458 | D5: 3031000 | E5: 2180000 | F5: 1737000 | G5: 1474000 | H5: 1323000
B6: 3300000 | C6: =B6/$A$3 -> 0.11186441 | D6: 3021000 | E6: 2173000 | F6: 1732000 | G6: 1470000 | H6: 1319000
B7: 3400000 | C7: =B7/$A$3 -> 0.11525424 | D7: 3011000 | E7: 2166000 | F7: 1727000 | G7: 1466000 | H7: 1315000
B8: 3500000 | C8: =B8/$A$3 -> 0.11864407 | D8: 3001000 | E8: 2159000 | F8: 1722000 | G8: 1462000 | H8: 1311000
B9: 3600000 | C9: =B9/$A$3 -> 0.1220339 | D9: 2991000 | E9: 2152000 | F9: 1717000 | G9: 1458000 | H9: 1307000
B10: 3700000 | C10: =B10/$A$3 -> 0.12542373 | D10: 2981000 | E10: 2145000 | F10: 1712000 | G10: 1454000 | H10: 1303000
B11: 3800000 | C11: =B11/$A$3 -> 0.12881356 | D11: 2971000 | E11: 2138000 | F11: 1707000 | G11: 1450000 | H11: 1299000
B12: 3900000 | C12: =B12/$A$3 -> 0.13220339 | D12: 2961000 | E12: 2131000 | F12: 1702000 | G12: 1446000 | H12: 1295000
B13: 4000000 | C13: =B13/$A$3 -> 0.13559322 | D13: 2951000 | E13: 2124000 | F13: 1697000 | G13: 1442000 | H13: 1291000
B14: 4100000 | C14: =B14/$A$3 -> 0.13898305 | D14: 2941000 | E14: 2117000 | F14: 1692000 | G14: 1438000 | H14: 1287000
B15: 4200000 | C15: =B15/$A$3 -> 0.14237288 | D15: 2931000 | E15: 2110000 | F15: 1687000 | G15: 1434000 | H15: 1283000
... B87: 11400000 | C87: =B87/$A$3 -> 0.38644068 | D87: 2211000 | E87: 1606000 | F87: 1327000 | G87: 1146000 | H87: 995000
D88: 2201000 | E88: 1599000 | F88: 1322000 | G88: 1142000 | H88: 991000
D89: 2191000 | E89: 1592000 | F89: 1317000 | G89: 1138000 | H89: 987000
D90: 2181000 | E90: 1585000 | F90: 1312000 | G90: 1134000 | H90: 983000
D91: 2171000 | E91: 1578000 | F91: 1307000 | G91: 1130000 | H91: 979000
D92: 2161000 | E92: 1571000 | F92: 1302000 | G92: 1126000 | H92: 975000
D93: 2151000 | E93: 1564000 | F93: 1297000 | G93: 1122000 | H93: 971000
D94: 2141000 | E94: 1557000 | F94: 1292000 | G94: 1118000 | H94: 967000
D95: 2131000 | E95: 1550000 | F95: 1287000 | G95: 1114000 | H95: 963000
D96: 2121000 | E96: 1543000 | F96: 1282000 | G96: 1110000 | H96: 959000
D97: 2111000 | E97: 1536000 | F97: 1277000 | G97: 1106000 | H97: 955000
D98: 2101000 | E98: 1529000 | F98: 1272000 | G98: 1102000 | H98: 951000
D99: 2091000 | E99: 1522000 | F99: 1267000 | G99: 1098000 | H99: 947000
... D111: 1971000 | E111: 1438000 | F111: 1207000 | G111: 1050000 | H111: 899000

Sheet VARIO 160 CBS SP
A1: VARIO 160 CBS SP | B1: DP | C1: % DP | D1: JANGKA WAKTU
D2: 12 | E2: 18 | F2: 24 | G2: 30 | H2: 36
A3: =OTR!E80 -> 29750000 | B3: 3000000 | C3: =B3/$A$3 -> 0.10084034 | D3: 3056000 | E3: 2198000 | F3: 1750000 | G3: 1484000 | H3: 1333000
B4: 3100000 | C4: =B4/$A$3 -> 0.10420168 | D4: 3046000 | E4: 2191000 | F4: 1745000 | G4: 1480000 | H4: 1329000
B5: 3200000 | C5: =B5/$A$3 -> 0.10756303 | D5: 3036000 | E5: 2184000 | F5: 1740000 | G5: 1476000 | H5: 1325000
B6: 3300000 | C6: =B6/$A$3 -> 0.11092437 | D6: 3026000 | E6: 2177000 | F6: 1735000 | G6: 1472000 | H6: 1321000
B7: 3400000 | C7: =B7/$A$3 -> 0.11428571 | D7: 3016000 | E7: 2170000 | F7: 1730000 | G7: 1468000 | H7: 1317000
B8: 3500000 | C8: =B8/$A$3 -> 0.11764706 | D8: 3006000 | E8: 2163000 | F8: 1725000 | G8: 1464000 | H8: 1313000
B9: 3600000 | C9: =B9/$A$3 -> 0.1210084 | D9: 2996000 | E9: 2156000 | F9: 1720000 | G9: 1460000 | H9: 1309000
B10: 3700000 | C10: =B10/$A$3 -> 0.12436975 | D10: 2986000 | E10: 2149000 | F10: 1715000 | G10: 1456000 | H10: 1305000
B11: 3800000 | C11: =B11/$A$3 -> 0.12773109 | D11: 2976000 | E11: 2142000 | F11: 1710000 | G11: 1452000 | H11: 1301000
B12: 3900000 | C12: =B12/$A$3 -> 0.13109244 | D12: 2966000 | E12: 2135000 | F12: 1705000 | G12: 1448000 | H12: 1297000
B13: 4000000 | C13: =B13/$A$3 -> 0.13445378 | D13: 2956000 | E13: 2128000 | F13: 1700000 | G13: 1444000 | H13: 1293000
B14: 4100000 | C14: =B14/$A$3 -> 0.13781513 | D14: 2946000 | E14: 2121000 | F14: 1695000 | G14: 1440000 | H14: 1289000
B15: 4200000 | C15: =B15/$A$3 -> 0.14117647 | D15: 2936000 | E15: 2114000 | F15: 1690000 | G15: 1436000 | H15: 1285000
... B88: 11500000 | C88: =B88/$A$3 -> 0.38655462 | D88: 2206000 | E88: 1603000 | F88: 1325000 | G88: 1144000 | H88: 993000
D89: 2196000 | E89: 1596000 | F89: 1320000 | G89: 1140000 | H89: 989000
D90: 2186000 | E90: 1589000 | F90: 1315000 | G90: 1136000 | H90: 985000
D91: 2176000 | E91: 1582000 | F91: 1310000 | G91: 1132000 | H91: 981000
D92: 2166000 | E92: 1575000 | F92: 1305000 | G92: 1128000 | H92: 977000
D93: 2156000 | E93: 1568000 | F93: 1300000 | G93: 1124000 | H93: 973000
D94: 2146000 | E94: 1561000 | F94: 1295000 | G94: 1120000 | H94: 969000
D95: 2136000 | E95: 1554000 | F95: 1290000 | G95: 1116000 | H95: 965000
D96: 2126000 | E96: 1547000 | F96: 1285000 | G96: 1112000 | H96: 961000
D97: 2116000 | E97: 1540000 | F97: 1280000 | G97: 1108000 | H97: 957000
D98: 2106000 | E98: 1533000 | F98: 1275000 | G98: 1104000 | H98: 953000
D99: 2096000 | E99: 1526000 | F99: 1270000 | G99: 1100000 | H99: 949000
D100: 2086000 | E100: 1519000 | F100: 1265000 | G100: 1096000 | H100: 945000
... D110: 1986000 | E110: 1449000 | F110: 1215000 | G110: 1056000 | H110: 905000

Sheet VARIO 160 ABS
A1: VARIO 160 ABS | B1: DP | C1: % DP | D1: JANGKA WAKTU
D2: 12 | E2: 18 | F2: 24 | G2: 30 | H2: 36
A3: =OTR!E81 -> 32500000 | B3: 3300000 | C3: =B3/$A$3 -> 0.10153846 | D3: 3362000 | E3: 2420000 | F3: 1919000 | G3: 1629000 | H3: 1462000
B4: 3400000 | C4: =B4/$A$3 -> 0.10461538 | D4: 3352000 | E4: 2413000 | F4: 1914000 | G4: 1625000 | H4: 1458000
B5: 3500000 | C5: =B5/$A$3 -> 0.10769231 | D5: 3342000 | E5: 2406000 | F5: 1909000 | G5: 1621000 | H5: 1454000
B6: 3600000 | C6: =B6/$A$3 -> 0.11076923 | D6: 3332000 | E6: 2399000 | F6: 1904000 | G6: 1617000 | H6: 1450000
B7: 3700000 | C7: =B7/$A$3 -> 0.11384615 | D7: 3322000 | E7: 2392000 | F7: 1899000 | G7: 1613000 | H7: 1446000
B8: 3800000 | C8: =B8/$A$3 -> 0.11692308 | D8: 3312000 | E8: 2385000 | F8: 1894000 | G8: 1609000 | H8: 1442000
B9: 3900000 | C9: =B9/$A$3 -> 0.12 | D9: 3302000 | E9: 2378000 | F9: 1889000 | G9: 1605000 | H9: 1438000
B10: 4000000 | C10: =B10/$A$3 -> 0.12307692 | D10: 3292000 | E10: 2371000 | F10: 1884000 | G10: 1601000 | H10: 1434000
B11: 4100000 | C11: =B11/$A$3 -> 0.12615385 | D11: 3282000 | E11: 2364000 | F11: 1879000 | G11: 1597000 | H11: 1430000
B12: 4200000 | C12: =B12/$A$3 -> 0.12923077 | D12: 3272000 | E12: 2357000 | F12: 1874000 | G12: 1593000 | H12: 1426000
B13: 4300000 | C13: =B13/$A$3 -> 0.13230769 | D13: 3262000 | E13: 2350000 | F13: 1869000 | G13: 1589000 | H13: 1422000
B14: 4400000 | C14: =B14/$A$3 -> 0.13538462 | D14: 3252000 | E14: 2343000 | F14: 1864000 | G14: 1585000 | H14: 1418000
B15: 4500000 | C15: =B15/$A$3 -> 0.13846154 | D15: 3242000 | E15: 2336000 | F15: 1859000 | G15: 1581000 | H15: 1414000
... B112: 14200000 | C112: =B112/$A$3 -> 0.43692308 | D112: 2272000 | E112: 1657000 | F112: 1374000 | G112: 1193000 | H112: 1026000
D113: 2262000 | E113: 1650000 | F113: 1369000 | G113: 1189000 | H113: 1022000
D114: 2252000 | E114: 1643000 | F114: 1364000 | G114: 1185000 | H114: 1018000
D115: 2242000 | E115: 1636000 | F115: 1359000 | G115: 1181000 | H115: 1014000
D116: 2232000 | E116: 1629000 | F116: 1354000 | G116: 1177000 | H116: 1010000
D117: 2222000 | E117: 1622000 | F117: 1349000 | G117: 1173000 | H117: 1006000
D118: 2212000 | E118: 1615000 | F118: 1344000 | G118: 1169000 | H118: 1002000
D119: 2202000 | E119: 1608000 | F119: 1339000 | G119: 1165000 | H119: 998000
D120: 2192000 | E120: 1601000 | F120: 1334000 | G120: 1161000 | H120: 994000

Sheet CB 150R STD  
A1: NEW CB 150R STD | B1: DP | C1: % DP | D1: JANGKA WAKTU
D2: 12 | E2: 18 | F2: 24 | G2: 30 | H2: 36
A3: =OTR!E75 -> 35750000 | B3: 3600000 | C3: =B3/$A$3 -> 0.1006993 | D3: 3610000 | E3: 2565000 | F3: 2062000 | G3: 1746000 | H3: 1531000
B4: 3700000 | C4: =B4/$A$3 -> 0.1034965 | D4: 3600000 | E4: 2558000 | F4: 2056000 | G4: 1741000 | H4: 1527000
B5: 3800000 | C5: =B5/$A$3 -> 0.10629371 | D5: 3590000 | E5: 2551000 | F5: 2050000 | G5: 1736000 | H5: 1523000
B6: 3900000 | C6: =B6/$A$3 -> 0.10909091 | D6: 3580000 | E6: 2544000 | F6: 2044000 | G6: 1731000 | H6: 1519000
B7: 4000000 | C7: =B7/$A$3 -> 0.11188811 | D7: 3570000 | E7: 2537000 | F7: 2038000 | G7: 1726000 | H7: 1515000
B8: 4100000 | C8: =B8/$A$3 -> 0.11468531 | D8: 3560000 | E8: 2530000 | F8: 2032000 | G8: 1721000 | H8: 1511000
B9: 4200000 | C9: =B9/$A$3 -> 0.11748252 | D9: 3550000 | E9: 2523000 | F9: 2026000 | G9: 1716000 | H9: 1507000
B10: 4300000 | C10: =B10/$A$3 -> 0.12027972 | D10: 3540000 | E10: 2516000 | F10: 2020000 | G10: 1711000 | H10: 1503000
B11: 4400000 | C11: =B11/$A$3 -> 0.12307692 | D11: 3530000 | E11: 2509000 | F11: 2014000 | G11: 1706000 | H11: 1499000
B12: 4500000 | C12: =B12/$A$3 -> 0.12587413 | D12: 3520000 | E12: 2502000 | F12: 2008000 | G12: 1701000 | H12: 1495000
B13: 4600000 | C13: =B13/$A$3 -> 0.12867133 | D13: 3510000 | E13: 2495000 | F13: 2002000 | G13: 1696000 | H13: 1491000
B14: 4700000 | C14: =B14/$A$3 -> 0.13146853 | D14: 3500000 | E14: 2488000 | F14: 1996000 | G14: 1691000 | H14: 1487000
B15: 4800000 | C15: =B15/$A$3 -> 0.13426573 | D15: 3490000 | E15: 2481000 | F15: 1990000 | G15: 1686000 | H15: 1483000
... B98: 13100000 | C98: =B98/$A$3 -> 0.36643357 | D98: 2660000 | E98: 1900000 | F98: 1492000 | G98: 1271000 | H98: 1151000
D99: 2650000 | E99: 1893000 | F99: 1486000 | G99: 1266000 | H99: 1147000
D100: 2640000 | E100: 1886000 | F100: 1480000 | G100: 1261000 | H100: 1143000
D101: 2630000 | E101: 1879000 | F101: 1474000 | G101: 1256000 | H101: 1139000
D102: 2620000 | E102: 1872000 | F102: 1468000 | G102: 1251000 | H102: 1135000
D103: 2610000 | E103: 1865000 | F103: 1462000 | G103: 1246000 | H103: 1131000
D104: 2600000 | E104: 1858000 | F104: 1456000 | G104: 1241000 | H104: 1127000
D105: 2590000 | E105: 1851000 | F105: 1450000 | G105: 1236000 | H105: 1123000
D106: 2580000 | E106: 1844000 | F106: 1444000 | G106: 1231000 | H106: 1119000
D107: 2570000 | E107: 1837000 | F107: 1438000 | G107: 1226000 | H107: 1115000
D108: 2560000 | E108: 1830000 | F108: 1432000 | G108: 1221000 | H108: 1111000
D109: 2550000 | E109: 1823000 | F109: 1426000 | G109: 1216000 | H109: 1107000
D110: 2540000 | E110: 1816000 | F110: 1420000 | G110: 1211000 | H110: 1103000
... D140: 2240000 | E140: 1606000 | F140: 1240000 | G140: 1061000 | H140: 983000

Sheet CB150R SE  
A1: NEW CB150R SE | B1: DP | C1: % DP | D1: JANGKA WAKTU
D2: 12 | E2: 18 | F2: 24 | G2: 30 | H2: 36
A3: =OTR!E74 -> 36750000 | B3: 3700000 | C3: =B3/$A$3 -> 0.10068027 | D3: 3710000 | E3: 2645000 | F3: 2113000 | G3: 1786000 | H3: 1571000
B4: 3800000 | C4: =B4/$A$3 -> 0.10340136 | D4: 3700000 | E4: 2638000 | F4: 2107000 | G4: 1781000 | H4: 1567000
B5: 3900000 | C5: =B5/$A$3 -> 0.10612245 | D5: 3690000 | E5: 2631000 | F5: 2101000 | G5: 1776000 | H5: 1563000
B6: 4000000 | C6: =B6/$A$3 -> 0.10884354 | D6: 3680000 | E6: 2624000 | F6: 2095000 | G6: 1771000 | H6: 1559000
B7: 4100000 | C7: =B7/$A$3 -> 0.11156463 | D7: 3670000 | E7: 2617000 | F7: 2089000 | G7: 1766000 | H7: 1555000
B8: 4200000 | C8: =B8/$A$3 -> 0.11428571 | D8: 3660000 | E8: 2610000 | F8: 2083000 | G8: 1761000 | H8: 1551000
B9: 4300000 | C9: =B9/$A$3 -> 0.1170068 | D9: 3650000 | E9: 2603000 | F9: 2077000 | G9: 1756000 | H9: 1547000
B10: 4400000 | C10: =B10/$A$3 -> 0.11972789 | D10: 3640000 | E10: 2596000 | F10: 2071000 | G10: 1751000 | H10: 1543000
B11: 4500000 | C11: =B11/$A$3 -> 0.12244898 | D11: 3630000 | E11: 2589000 | F11: 2065000 | G11: 1746000 | H11: 1539000
B12: 4600000 | C12: =B12/$A$3 -> 0.12517007 | D12: 3620000 | E12: 2582000 | F12: 2059000 | G12: 1741000 | H12: 1535000
B13: 4700000 | C13: =B13/$A$3 -> 0.12789116 | D13: 3610000 | E13: 2575000 | F13: 2053000 | G13: 1736000 | H13: 1531000
B14: 4800000 | C14: =B14/$A$3 -> 0.13061224 | D14: 3600000 | E14: 2568000 | F14: 2047000 | G14: 1731000 | H14: 1527000
B15: 4900000 | C15: =B15/$A$3 -> 0.13333333 | D15: 3590000 | E15: 2561000 | F15: 2041000 | G15: 1726000 | H15: 1523000
... B101: 13500000 | C101: =B101/$A$3 -> 0.36734694 | D101: 2730000 | E101: 1959000 | F101: 1525000 | G101: 1296000 | H101: 1179000
D102: 2720000 | E102: 1952000 | F102: 1519000 | G102: 1291000 | H102: 1175000
D103: 2710000 | E103: 1945000 | F103: 1513000 | G103: 1286000 | H103: 1171000
D104: 2700000 | E104: 1938000 | F104: 1507000 | G104: 1281000 | H104: 1167000
D105: 2690000 | E105: 1931000 | F105: 1501000 | G105: 1276000 | H105: 1163000
D106: 2680000 | E106: 1924000 | F106: 1495000 | G106: 1271000 | H106: 1159000
D107: 2670000 | E107: 1917000 | F107: 1489000 | G107: 1266000 | H107: 1155000
D108: 2660000 | E108: 1910000 | F108: 1483000 | G108: 1261000 | H108: 1151000
D109: 2650000 | E109: 1903000 | F109: 1477000 | G109: 1256000 | H109: 1147000
D110: 2640000 | E110: 1896000 | F110: 1471000 | G110: 1251000 | H110: 1143000
D111: 2630000 | E111: 1889000 | F111: 1465000 | G111: 1246000 | H111: 1139000
D112: 2620000 | E112: 1882000 | F112: 1459000 | G112: 1241000 | H112: 1135000
D113: 2610000 | E113: 1875000 | F113: 1453000 | G113: 1236000 | H113: 1131000
... D144: 2300000 | E144: 1658000 | F144: 1267000 | G144: 1081000 | H144: 1007000

Sheet SUPERCUB
A2: SUPER CUB 125 | B2: DP | C2: %DP | D2: JANGKA WAKTU
D3: 12 | E3: 18 | F3: 24 | G3: 30 | H3: 36
A4: =OTR!E36 -> 79575000 | B4: 8000000 | C4: =B4/$A$4 -> 0.10053409 | D4: 7235000 | E4: 5170000 | F4: 4177000 | G4: 3526000 | H4: 3125000
B5: 8100000 | C5: =B5/$A$4 -> 0.10179076 | D5: 7225000 | E5: 5163000 | F5: 4171000 | G5: 3522000 | H5: 3121000
B6: 8200000 | C6: =B6/$A$4 -> 0.10304744 | D6: 7215000 | E6: 5156000 | F6: 4165000 | G6: 3518000 | H6: 3117000
B7: 8300000 | C7: =B7/$A$4 -> 0.10430412 | D7: 7205000 | E7: 5149000 | F7: 4159000 | G7: 3514000 | H7: 3113000
B8: 8400000 | C8: =B8/$A$4 -> 0.10556079 | D8: 7195000 | E8: 5142000 | F8: 4153000 | G8: 3510000 | H8: 3109000
B9: 8500000 | C9: =B9/$A$4 -> 0.10681747 | D9: 7185000 | E9: 5135000 | F9: 4147000 | G9: 3506000 | H9: 3105000
B10: 8600000 | C10: =B10/$A$4 -> 0.10807414 | D10: 7175000 | E10: 5128000 | F10: 4141000 | G10: 3502000 | H10: 3101000
B11: 8700000 | C11: =B11/$A$4 -> 0.10933082 | D11: 7165000 | E11: 5121000 | F11: 4135000 | G11: 3498000 | H11: 3097000
B12: 8800000 | C12: =B12/$A$4 -> 0.1105875 | D12: 7155000 | E12: 5114000 | F12: 4129000 | G12: 3494000 | H12: 3093000
B13: 8900000 | C13: =B13/$A$4 -> 0.11184417 | D13: 7145000 | E13: 5107000 | F13: 4123000 | G13: 3490000 | H13: 3089000
B14: 9000000 | C14: =B14/$A$4 -> 0.11310085 | D14: 7135000 | E14: 5100000 | F14: 4117000 | G14: 3486000 | H14: 3085000
B15: 9100000 | C15: =B15/$A$4 -> 0.11435752 | D15: 7125000 | E15: 5093000 | F15: 4111000 | G15: 3482000 | H15: 3081000
B16: 9200000 | C16: =B16/$A$4 -> 0.1156142 | D16: 7115000 | E16: 5086000 | F16: 4105000 | G16: 3478000 | H16: 3077000
... B234: 31000000 | C234: =B234/$A$4 -> 0.38956959 | D234: 4935000 | E234: 3560000 | F234: 2797000 | G234: 2606000 | H234: 2205000
D235: 4925000 | E235: 3553000 | F235: 2791000 | G235: 2602000 | H235: 2201000
D236: 4915000 | E236: 3546000 | F236: 2785000 | G236: 2598000 | H236: 2197000
D237: 4905000 | E237: 3539000 | F237: 2779000 | G237: 2594000 | H237: 2193000
D238: 4895000 | E238: 3532000 | F238: 2773000 | G238: 2590000 | H238: 2189000
D239: 4885000 | E239: 3525000 | F239: 2767000 | G239: 2586000 | H239: 2185000
D240: 4875000 | E240: 3518000 | F240: 2761000 | G240: 2582000 | H240: 2181000
D241: 4865000 | E241: 3511000 | F241: 2755000 | G241: 2578000 | H241: 2177000
D242: 4855000 | E242: 3504000 | F242: 2749000 | G242: 2574000 | H242: 2173000

Sheet EM1 e (Gratis Charger)
A1: TYPE | B1: DP GROSS | C1: %DP | D1: T O P
A2: OTR | D2: 11 | E2: 17 | F2: 23 | G2: 29 | H2: 35 | I2: 47 | J2: 59
A3: EM1 e (Gratis Charger) | B3: 4100000 | C3: =B3/$A$4 -> 0.1013597 | D3: 4370000 | E3: 2999000 | F3: 2434000 | G3: 2056000 | H3: 1778000 | I3: 1478000 | J3: 996000
A4: 40450000 | B4: 4200000 | C4: =B4/$A$4 -> 0.10383189 | D4: 4359000 | E4: 2992000 | F4: 2428000 | G4: 2051000 | H4: 1774000 | I4: 1475000 | J4: 994000
B5: 4300000 | C5: =B5/$A$4 -> 0.10630408 | D5: 4348000 | E5: 2985000 | F5: 2422000 | G5: 2046000 | H5: 1770000 | I5: 1472000 | J5: 992000
B6: 4400000 | C6: =B6/$A$4 -> 0.10877627 | D6: 4337000 | E6: 2978000 | F6: 2416000 | G6: 2041000 | H6: 1766000 | I6: 1469000 | J6: 990000
B7: 4500000 | C7: =B7/$A$4 -> 0.11124845 | D7: 4326000 | E7: 2971000 | F7: 2410000 | G7: 2036000 | H7: 1762000 | I7: 1466000 | J7: 988000
B8: 4600000 | C8: =B8/$A$4 -> 0.11372064 | D8: 4315000 | E8: 2964000 | F8: 2404000 | G8: 2031000 | H8: 1758000 | I8: 1463000 | J8: 986000
B9: 4700000 | C9: =B9/$A$4 -> 0.11619283 | D9: 4304000 | E9: 2957000 | F9: 2398000 | G9: 2026000 | H9: 1754000 | I9: 1460000 | J9: 984000
B10: 4800000 | C10: =B10/$A$4 -> 0.11866502 | D10: 4293000 | E10: 2950000 | F10: 2392000 | G10: 2021000 | H10: 1750000 | I10: 1457000 | J10: 982000
B11: 4900000 | C11: =B11/$A$4 -> 0.12113721 | D11: 4282000 | E11: 2943000 | F11: 2386000 | G11: 2016000 | H11: 1746000 | I11: 1454000 | J11: 980000
B12: 5000000 | C12: =B12/$A$4 -> 0.12360939 | D12: 4271000 | E12: 2936000 | F12: 2380000 | G12: 2011000 | H12: 1742000 | I12: 1451000 | J12: 978000
B13: 5100000 | C13: =B13/$A$4 -> 0.12608158 | D13: 4260000 | E13: 2929000 | F13: 2374000 | G13: 2006000 | H13: 1738000 | I13: 1448000 | J13: 976000
B14: 5200000 | C14: =B14/$A$4 -> 0.12855377 | D14: 4249000 | E14: 2922000 | F14: 2368000 | G14: 2001000 | H14: 1734000 | I14: 1445000 | J14: 974000
B15: 5300000 | C15: =B15/$A$4 -> 0.13102596 | D15: 4238000 | E15: 2915000 | F15: 2362000 | G15: 1996000 | H15: 1730000 | I15: 1442000 | J15: 972000
B16: 5400000 | C16: =B16/$A$4 -> 0.13349815 | D16: 4227000 | E16: 2908000 | F16: 2356000 | G16: 1991000 | H16: 1726000 | I16: 1439000 | J16: 970000
... B262: 30000000 | C262: =B262/$A$4 -> 0.74165637 | D262: 1521000 | E262: 1186000 | F262: 880000 | G262: 761000 | H262: 742000 | I262: 701000 | J262: 478000

Sheet Em1 e  Plus (Gratis Charger)
A1: TYPE | B1: DP GROSS | C1: %DP | D1: T O P
A2: OTR | D2: 11 | E2: 17 | F2: 23 | G2: 29 | H2: 35 | I2: 47 | J2: 59
A3: EM1 e Plus (Gratis Charger) | B3: 4100000 | C3: =B3/$A$4 -> 0.1001221 | D3: 4436000 | E3: 3041000 | F3: 2470000 | G3: 2086000 | H3: 1802000 | I3: 1496000 | J3: 1008000
A4: 40950000 | B4: 4200000 | C4: =B4/$A$4 -> 0.1025641 | D4: 4425000 | E4: 3034000 | F4: 2464000 | G4: 2081000 | H4: 1798000 | I4: 1493000 | J4: 1006000
B5: 4300000 | C5: =B5/$A$4 -> 0.10500611 | D5: 4414000 | E5: 3027000 | F5: 2458000 | G5: 2076000 | H5: 1794000 | I5: 1490000 | J5: 1004000
B6: 4400000 | C6: =B6/$A$4 -> 0.10744811 | D6: 4403000 | E6: 3020000 | F6: 2452000 | G6: 2071000 | H6: 1790000 | I6: 1487000 | J6: 1002000
B7: 4500000 | C7: =B7/$A$4 -> 0.10989011 | D7: 4392000 | E7: 3013000 | F7: 2446000 | G7: 2066000 | H7: 1786000 | I7: 1484000 | J7: 1000000
B8: 4600000 | C8: =B8/$A$4 -> 0.11233211 | D8: 4381000 | E8: 3006000 | F8: 2440000 | G8: 2061000 | H8: 1782000 | I8: 1481000 | J8: 998000
B9: 4700000 | C9: =B9/$A$4 -> 0.11477411 | D9: 4370000 | E9: 2999000 | F9: 2434000 | G9: 2056000 | H9: 1778000 | I9: 1478000 | J9: 996000
B10: 4800000 | C10: =B10/$A$4 -> 0.11721612 | D10: 4359000 | E10: 2992000 | F10: 2428000 | G10: 2051000 | H10: 1774000 | I10: 1475000 | J10: 994000
B11: 4900000 | C11: =B11/$A$4 -> 0.11965812 | D11: 4348000 | E11: 2985000 | F11: 2422000 | G11: 2046000 | H11: 1770000 | I11: 1472000 | J11: 992000
B12: 5000000 | C12: =B12/$A$4 -> 0.12210012 | D12: 4337000 | E12: 2978000 | F12: 2416000 | G12: 2041000 | H12: 1766000 | I12: 1469000 | J12: 990000
B13: 5100000 | C13: =B13/$A$4 -> 0.12454212 | D13: 4326000 | E13: 2971000 | F13: 2410000 | G13: 2036000 | H13: 1762000 | I13: 1466000 | J13: 988000
B14: 5200000 | C14: =B14/$A$4 -> 0.12698413 | D14: 4315000 | E14: 2964000 | F14: 2404000 | G14: 2031000 | H14: 1758000 | I14: 1463000 | J14: 986000
B15: 5300000 | C15: =B15/$A$4 -> 0.12942613 | D15: 4304000 | E15: 2957000 | F15: 2398000 | G15: 2026000 | H15: 1754000 | I15: 1460000 | J15: 984000
B16: 5400000 | C16: =B16/$A$4 -> 0.13186813 | D16: 4293000 | E16: 2950000 | F16: 2392000 | G16: 2021000 | H16: 1750000 | I16: 1457000 | J16: 982000
... B262: 30000000 | C262: =B262/$A$4 -> 0.73260073 | D262: 1587000 | E262: 1228000 | F262: 916000 | G262: 791000 | H262: 766000 | I262: 719000 | J262: 490000

Sheet ICON E
A1: TYPE | B1: DP GROSS | C1: DP (%) | D1: T O P
A2: OTR | D2: 11 | E2: 17 | F2: 23 | G2: 29 | H2: 35 | I2: 47
A3: ICON E: | B3: 2900000 | C3: =B3/$A$4 -> 0.10193322 | D3: 3005000 | E3: 2131000 | F3: 1694000 | G3: 1412000 | H3: 1255000 | I3: 1064000
A4: 28450000 | B4: 3000000 | C4: =B4/$A$4 -> 0.10544815 | D4: 2995000 | E4: 2124000 | F4: 1688000 | G4: 1408000 | H4: 1251000 | I4: 1061000
B5: 3100000 | C5: =B5/$A$4 -> 0.10896309 | D5: 2985000 | E5: 2117000 | F5: 1682000 | G5: 1404000 | H5: 1247000 | I5: 1057000
B6: 3200000 | C6: =B6/$A$4 -> 0.11247803 | D6: 2975000 | E6: 2110000 | F6: 1676000 | G6: 1400000 | H6: 1243000 | I6: 1054000
B7: 3300000 | C7: =B7/$A$4 -> 0.11599297 | D7: 2965000 | E7: 2103000 | F7: 1670000 | G7: 1396000 | H7: 1238000 | I7: 1051000
B8: 3400000 | C8: =B8/$A$4 -> 0.11950791 | D8: 2955000 | E8: 2096000 | F8: 1663000 | G8: 1392000 | H8: 1234000 | I8: 1047000
B9: 3500000 | C9: =B9/$A$4 -> 0.12302285 | D9: 2945000 | E9: 2089000 | F9: 1657000 | G9: 1388000 | H9: 1230000 | I9: 1044000
B10: 3600000 | C10: =B10/$A$4 -> 0.12653779 | D10: 2934000 | E10: 2082000 | F10: 1651000 | G10: 1384000 | H10: 1226000 | I10: 1041000
B11: 3700000 | C11: =B11/$A$4 -> 0.13005272 | D11: 2924000 | E11: 2075000 | F11: 1645000 | G11: 1380000 | H11: 1222000 | I11: 1037000
B12: 3800000 | C12: =B12/$A$4 -> 0.13356766 | D12: 2914000 | E12: 2068000 | F12: 1639000 | G12: 1376000 | H12: 1218000 | I12: 1034000
B13: 3900000 | C13: =B13/$A$4 -> 0.1370826 | D13: 2904000 | E13: 2061000 | F13: 1633000 | G13: 1372000 | H13: 1214000 | I13: 1031000
B14: 4000000 | C14: =B14/$A$4 -> 0.14059754 | D14: 2894000 | E14: 2054000 | F14: 1627000 | G14: 1368000 | H14: 1210000 | I14: 1028000
B15: 4100000 | C15: =B15/$A$4 -> 0.14411248 | D15: 2884000 | E15: 2047000 | F15: 1621000 | G15: 1363000 | H15: 1206000 | I15: 1024000
B16: 4200000 | C16: =B16/$A$4 -> 0.14762742 | D16: 2873000 | E16: 2039000 | F16: 1615000 | G16: 1359000 | H16: 1202000 | I16: 1021000
... B89: 11500000 | C89: =B89/$A$4 -> 0.40421793 | D89: 2056000 | E89: 1439000 | F89: 1190000 | G89: 1013000 | H89: 870000 | I89: 716000

Sheet CUV E
A1: TYPE | B1: DP GROSS | C1: %DP | D1: T O P
A2: OTR | D2: 11 | E2: 17 | F2: 23 | G2: 29 | H2: 35 | I2: 47 | J2: 59
A3: CUV E: | B3: 14000000 | C3: =B3/$A$4 -> 0.25408348 | D3: 5145000 | E3: 3650000 | F3: 2943000 | G3: 2591000 | H3: 2184000 | I3: 1824000 | J3: 1798000
